CREATE DATABASE  IF NOT EXISTS `IMDb_Database` /*!40100 DEFAULT CHARACTER SET utf8 */ /*!80016 DEFAULT ENCRYPTION='N' */;
USE `IMDb_Database`;
-- MySQL dump 10.13  Distrib 8.0.21, for macos10.15 (x86_64)
--
-- Host: localhost    Database: IMDb_Database
-- ------------------------------------------------------
-- Server version	8.0.21

/*!40101 SET @OLD_CHARACTER_SET_CLIENT=@@CHARACTER_SET_CLIENT */;
/*!40101 SET @OLD_CHARACTER_SET_RESULTS=@@CHARACTER_SET_RESULTS */;
/*!40101 SET @OLD_COLLATION_CONNECTION=@@COLLATION_CONNECTION */;
/*!50503 SET NAMES utf8 */;
/*!40103 SET @OLD_TIME_ZONE=@@TIME_ZONE */;
/*!40103 SET TIME_ZONE='+00:00' */;
/*!40014 SET @OLD_UNIQUE_CHECKS=@@UNIQUE_CHECKS, UNIQUE_CHECKS=0 */;
/*!40014 SET @OLD_FOREIGN_KEY_CHECKS=@@FOREIGN_KEY_CHECKS, FOREIGN_KEY_CHECKS=0 */;
/*!40101 SET @OLD_SQL_MODE=@@SQL_MODE, SQL_MODE='NO_AUTO_VALUE_ON_ZERO' */;
/*!40111 SET @OLD_SQL_NOTES=@@SQL_NOTES, SQL_NOTES=0 */;

--
-- Table structure for table `actors`
--

DROP TABLE IF EXISTS `actors`;
/*!40101 SET @saved_cs_client     = @@character_set_client */;
/*!50503 SET character_set_client = utf8mb4 */;
CREATE TABLE `actors` (
  `actor_id` int NOT NULL,
  `actor_name` varchar(45) NOT NULL,
  PRIMARY KEY (`actor_id`)
) ENGINE=InnoDB DEFAULT CHARSET=utf8;
/*!40101 SET character_set_client = @saved_cs_client */;

--
-- Dumping data for table `actors`
--

LOCK TABLES `actors` WRITE;
/*!40000 ALTER TABLE `actors` DISABLE KEYS */;
INSERT INTO `actors` VALUES (1,'Aaron Christensen'),(2,'Aaron Costa Ganis'),(3,'Aaron Cravens'),(4,'Aaron Davis'),(5,'Aaron Groben'),(6,'Aaron Guerrero'),(7,'Aaron Hendry'),(8,'Aaron Jay Rome'),(9,'Aaron Marciniak'),(10,'Aaron Sauter'),(11,'Aaron Taylor-Johnson'),(12,'Abbey Lee'),(13,'Abbi Butler'),(14,'Abbi Jacobson'),(15,'Abbie Gayle'),(16,'Abby Elliott'),(17,'Abby Ryder Fortson'),(18,'Abigail Spencer'),(19,'Abigail Titmuss'),(20,'Abigail Van Patten'),(21,'Abra'),(22,'Abraham Rodriguez'),(23,'Ada Hall'),(24,'Adam Agee'),(25,'Adam Bartley'),(26,'Adam Berardi'),(27,'Adam Davis'),(28,'Adam Devine'),(29,'Adam Edwards'),(30,'Adam Fried'),(31,'Adam Hampton'),(32,'Adam Huber'),(33,'Adam Johnson'),(34,'Adam Mediano'),(35,'Adam Pally'),(36,'Adam Pearson'),(37,'Adam Sandler'),(38,'Adam Wade McLaughlin'),(39,'Adam Weppler'),(40,'Adam William Ward'),(41,'Adeeja Rochele Anderson'),(42,'Adolfo Alvarez'),(43,'Adrian De Armas'),(44,'Adrian Grenier'),(45,'Adrienne Barbeau'),(46,'Aeneas Middleton'),(47,'Aidan Bristow'),(48,'Aidan Quinn'),(49,'Aidan Turner'),(50,'Aimee Auclair'),(51,'Aisha Ricketts'),(52,'Akiko Masuda'),(53,'Al Sapienza'),(54,'Al\'Jaleel McGhee'),(55,'Alain Moussi'),(56,'Alaina Huffman'),(57,'Alan Burrell'),(58,'Alan Powell'),(59,'Alden Ehrenreich'),(60,'Aldis Hodge'),(61,'Alec Baldwin'),(62,'Alec Gaylord'),(63,'Alejandro Cowie'),(64,'Alejandro La Rosa'),(65,'Alek Skarlatos'),(66,'Aleksander Ristic'),(67,'Alex Draper'),(68,'Alex Goldrich'),(69,'Alex LiMandri'),(70,'Alex MacNicoll'),(71,'Alex Morgan'),(72,'Alex Neustaedter'),(73,'Alex Roe'),(74,'Alex Russell'),(75,'Alex Sharp'),(76,'Alex West'),(77,'Alex Wolff'),(78,'Alex Zhang Hungtai'),(79,'Alexa Ciminera'),(80,'Alexa Nisenson'),(81,'Alexander Dreymon'),(82,'Alexander Kane'),(83,'Alexander Mercier'),(84,'Alexander Raye Pimentel'),(85,'Alexandra Bard'),(86,'Alexandra Billings'),(87,'Alexandra Corin Johnston'),(88,'Alexandra Daddario'),(89,'Alexandra Feld'),(90,'Alexandra Peters'),(91,'Alexandra Shipp'),(92,'Alexandra Turshen'),(93,'Alexis Abrams'),(94,'Alexis Kendra'),(95,'Alexis Rosinsky'),(96,'Ali Cobrin'),(97,'Alia Shawkat'),(98,'Alice Krige'),(99,'Alicia Becker'),(100,'Alicia Leigh Willis'),(101,'Alijah Adams'),(102,'Alison Fraser'),(103,'Alivia Clark'),(104,'Alkoya Brunson'),(105,'Allie Gonino'),(106,'Allie Jennings'),(107,'Allie Marshall'),(108,'Allie McCulloch'),(109,'Allison Blaize'),(110,'Allison Paige'),(111,'Allison Tolman'),(112,'Allison Williams'),(113,'Aly Fitzgerald'),(114,'Alysia Reiner'),(115,'Alyson Hannigan'),(116,'Alyssa Kay'),(117,'Alyssa Kempinski'),(118,'Alyx Libby'),(119,'Amanda K. Morales'),(120,'Amandla Stenberg'),(121,'Amaris Davidson'),(122,'Amber Heard'),(123,'Amber Stonebraker'),(124,'Amelia Crouch'),(125,'Amelia Haberman'),(126,'Amir Motlagh'),(127,'Amy Adams'),(128,'Amy Forsyth'),(129,'Amy Seimetz'),(130,'Amy Smart'),(131,'Amy Tsang'),(132,'Analeigh Tipton'),(133,'Anders Holm'),(134,'Andi Matichak'),(135,'Andre Brooks'),(136,'Andre Hyland'),(137,'Andrea Bogart'),(138,'Andrea McKinnon'),(139,'Andrea Riseborough'),(140,'Andrea Savage'),(141,'Andrew Dawe-Collins'),(142,'Andrew Garfield'),(143,'Andrew Graves'),(144,'Andrew Joseph Montgomery'),(145,'Andrew Keegan'),(146,'Andrew Liberty'),(147,'Andrew Pifko'),(148,'Andy Buckley'),(149,'Andy Samberg'),(150,'Angela Cole'),(151,'Angela Mavropoulos'),(152,'Angela Nordeng'),(153,'Angela Sarafyan'),(154,'Angela Trimbur'),(155,'Angélica Celaya'),(156,'Angie Patterson'),(157,'Angus Macfadyen'),(158,'Angus Sampson'),(159,'Ann Dowd'),(160,'Ann Lupo'),(161,'Anna Fagan'),(162,'Anna Faris'),(163,'Anna Gunn'),(164,'Anna Harr'),(165,'Anna Hutchison'),(166,'Anna Paquin'),(167,'Anna Rizzo'),(168,'Annabelle Kavanagh'),(169,'Annalise Basso'),(170,'AnnaLynne McCord'),(171,'Annelyse Ahmad'),(172,'Annette Bening'),(173,'Annette O\'Toole'),(174,'Ansel Elgort'),(175,'Anthony De La Torre'),(176,'Anthony Del Negro'),(177,'Anthony Gaudette'),(178,'Anthony Gonzalez'),(179,'Anthony Ramos'),(180,'Anthony Sadler'),(181,'Anthony Sant\'Anselmo'),(182,'Antonio J Bell'),(183,'April Billingsley'),(184,'April Bowlby'),(185,'April Marshall-Miller'),(186,'Aprilann'),(187,'Arabella Ruby'),(188,'Arch Hall Jr.'),(189,'Ariana Guerra'),(190,'Ariana Madix'),(191,'Ariela Barer'),(192,'Arielle Brachfeld'),(193,'Arielle Hader'),(194,'Arielle Kebbel'),(195,'Arielle Uppaluri'),(196,'Arija Bareikis'),(197,'Armand Assante'),(198,'Armando Gutierrez'),(199,'Armie Hammer'),(200,'Arnold Odo'),(201,'Arthur Cartwright'),(202,'Arthur Cullipher'),(203,'Arthur J. Davis'),(204,'Asa Butterfield'),(205,'Asante Jones'),(206,'Asher Angel'),(207,'Ashleigh Morghan'),(208,'Ashley Dulaney'),(209,'Ashley Gallegos'),(210,'Ashley Greene'),(211,'Ashley Lenz'),(212,'Ashley Mulkey'),(213,'Ashley Zukerman'),(214,'Ashlynn Yennie'),(215,'Ashton Leigh'),(216,'Ashton Sanders'),(217,'Ato Blankson-Wood'),(218,'Atticus Shaffer'),(219,'Aubrey Peeples'),(220,'Augie Duke'),(221,'Aunjanue Ellis'),(222,'Auregan'),(223,'Aurelio Voltaire'),(224,'Aurora Heimbach'),(225,'Aurora Perrineau'),(226,'Austin Allwein'),(227,'Austin Butts'),(228,'Austin Chunn'),(229,'Austin Haley'),(230,'Austin Lyon'),(231,'Austin Nichols'),(232,'Austin Pendleton'),(233,'Austin St. John'),(234,'Autumn Withers'),(235,'Ava Cardoza'),(236,'Avery Merrifield'),(237,'Axel Harney'),(238,'Aylam Orian'),(239,'Azhy Robertson'),(240,'Azura Skye'),(241,'Bacari Alexander'),(242,'Bailee Madison'),(243,'Barak Hardley'),(244,'Barbara Crampton'),(245,'Barny'),(246,'Baron Bodnar'),(247,'Barry Bostwick'),(248,'Barry Gray'),(249,'Beau Brooks'),(250,'Beau Knapp'),(251,'Beau Yotty'),(252,'Beckam Crawford'),(253,'Becky G'),(254,'Becky Jo Harris'),(255,'Bel Powley'),(256,'Bella Dontine'),(257,'Bella Shepard'),(258,'Bella Thorne'),(259,'Ben Dickey'),(260,'Ben Foster'),(261,'Ben Geurens'),(262,'Ben Jarvis'),(263,'Ben Kingsley'),(264,'Ben Lamb'),(265,'Ben Mendelsohn'),(266,'Ben Rappaport'),(267,'Ben Schwartz'),(268,'Ben Stobber'),(269,'Ben Tavassoli'),(270,'Ben Whishaw'),(271,'Benicio Del Toro'),(272,'Benjamin A. Onyango'),(273,'Benjamin Farmer'),(274,'Betty Gabriel'),(275,'Beulah Peters'),(276,'Beverley Mitchell'),(277,'Bex Taylor-Klaus'),(278,'Bill Moseley'),(279,'Bill Read Jr.'),(280,'Billy Blair'),(281,'Billy Bob Thornton'),(282,'Billy Brown'),(283,'Billy Burke'),(284,'Billy Lush'),(285,'Billy Wirth'),(286,'Bingbing Li'),(287,'Bingham Bryant'),(288,'Birgundi Baker'),(289,'Bjorn Johnson'),(290,'Blake Anderson'),(291,'Blake McAlpin'),(292,'Blake Webb'),(293,'Blanche Baker'),(294,'Blythe Danner'),(295,'Bo Derek'),(296,'Bob Rumnock'),(297,'Bobby Batson'),(298,'Bobby Campo'),(299,'Bobby Dornbos'),(300,'Bobby Roddy'),(301,'Bojana Novakovic'),(302,'Bonnie Root'),(303,'Bonnie Wright'),(304,'Booboo Stewart'),(305,'Boyd Holbrook'),(306,'Brad Carter'),(307,'Brad Dourif'),(308,'Brad Johnson'),(309,'Brad Schmidt'),(310,'Bradley Cooper'),(311,'Bradley Laborman'),(312,'Bradley Whitford'),(313,'Bradley William Smith'),(314,'Brady Tutton'),(315,'Brando Eaton'),(316,'Brandon Anthony'),(317,'Brandon Calhoun'),(318,'Brandon Fisher'),(319,'Brandon Micheal Hall'),(320,'Branscombe Richmond'),(321,'Brant Daugherty'),(322,'Brea Grant'),(323,'Breanna Engle'),(324,'Brec Bassinger'),(325,'Bree Williamson'),(326,'Brendan Archer'),(327,'Brendan Fletcher'),(328,'Brendan Guy Murphy'),(329,'Brendan Meyer'),(330,'Brent Bateman'),(331,'Brent McGhee'),(332,'Brenton Thwaites'),(333,'Brett Cullen'),(334,'Brett Zimmerman'),(335,'Bri Bynon McGregor'),(336,'Brian Ames'),(337,'Brian Anthony Wilson'),(338,'Brian Baumgartner'),(339,'Brian Cox'),(340,'Brian d\'Arcy James'),(341,'Brian Fitzpatrick'),(342,'Brian Geraghty'),(343,'Brian Jordan Alvarez'),(344,'Brian Krause'),(345,'Brian Rivera'),(346,'Brian Van Holt'),(347,'Briana Evigan'),(348,'Brianne Davis'),(349,'Brighton Sharbino'),(350,'Brinke Stevens'),(351,'Brinna Kelly'),(352,'Brisa Lalich'),(353,'Brit Sheridan'),(354,'Britt Flatmo'),(355,'Britt McKillip'),(356,'Brittaney Ortiz'),(357,'Brittany Baise Morrison'),(358,'Brittany S. Hall'),(359,'Brittney Powell'),(360,'Brodie Reed'),(361,'Brooke Adams'),(362,'Brooke Langton'),(363,'Brooke Smith'),(364,'Bruce Davison'),(365,'Bruce G. Hallenbeck'),(366,'Bruce Greenwood'),(367,'Bruce Willis'),(368,'Bryan Amato'),(369,'Bryan Greenberg'),(370,'Bryan Manley Davis'),(371,'Bryce Dallas Howard'),(372,'Bryshere Y. Gray'),(373,'Buck Biestek'),(374,'Buddy Daniels Friedman'),(375,'Byron Brown II'),(376,'Byron Wallace'),(377,'C. Thomas Howell'),(378,'C.J. Baker'),(379,'Cait Cortelyou'),(380,'Caitlin Aase'),(381,'Caitlin Carver'),(382,'Caitlin Crommett'),(383,'Caitlin FitzGerald'),(384,'Caitlin Gerard'),(385,'Caitlin Mehner'),(386,'Cal Gibson'),(387,'Caleb Landry Jones'),(388,'Calhoun Koenig'),(389,'Callie Deering'),(390,'Cam\'ron'),(391,'Cameron Bowen'),(392,'Cameron Chester'),(393,'Camila Morrone'),(394,'Camille Montgomery'),(395,'Candace Cameron Bure'),(396,'Candice Bergen'),(397,'Cara Delevingne'),(398,'Carey Mulligan'),(399,'Cari Moskow'),(400,'Carl Bailey'),(401,'Carla Gugino'),(402,'Carlena Britch'),(403,'Carlos Alazraqui'),(404,'Carly Rae James Sauer'),(405,'Carly Schroeder'),(406,'Carma Sharon'),(407,'Carmen Anello'),(408,'Carol Cardenas'),(409,'Carolina Ravassa'),(410,'Caroline Day'),(411,'Caroline Williams'),(412,'Carolyn Hennesy'),(413,'Carrie Keagan'),(414,'Carrie Preston'),(415,'Carrlyn Bathe'),(416,'Carson Rowland'),(417,'Cary Mark'),(418,'Casey Affleck'),(419,'Casey Gagliardi'),(420,'Casey Killoran'),(421,'Casper Van Dien'),(422,'Cassandra Lee Morris'),(423,'Cassi Thomson'),(424,'Cassie Shea Watson'),(425,'Cate Blanchett'),(426,'Catherine Corcoran'),(427,'Cayleb Long'),(428,'Cedric the Entertainer'),(429,'Celesta Hodge'),(430,'Cerina Vincent'),(431,'Cesar De León'),(432,'Chad Michael Murray'),(433,'Chadwick Boseman'),(434,'Chance the Rapper'),(435,'Channing Tatum'),(436,'Chanté Adams'),(437,'Chantelle Darlena'),(438,'Charisma Carpenter'),(439,'Charlbi Dean'),(440,'Charlene deGuzman'),(441,'Charles Baker'),(442,'Charles Malik Whitfield'),(443,'Charlie Plummer'),(444,'Charlie Sexton'),(445,'Charlie Tacker'),(446,'Charlie Tahan'),(447,'Charlize Theron'),(448,'Charlotte Carel'),(449,'Charlotte Newhouse'),(450,'Charlotte Rampling'),(451,'Chase Bloomquist'),(452,'Chase Ryan Jeffery'),(453,'Chelsea Bella'),(454,'Chelsea Edmundson'),(455,'Chelsea Lopez'),(456,'Chelsea Ricketts'),(457,'Chelsea Tavares'),(458,'Cherilyn Wilson'),(459,'Cheryl Texiera'),(460,'China Anne McClain'),(461,'Chinaza Uche'),(462,'Chiwetel Ejiofor'),(463,'Chloe Carroll'),(464,'Chloe Dykstra'),(465,'Chloë Grace Moretz'),(466,'Chloe Graham'),(467,'Chloë Levine'),(468,'Chloë Sevigny'),(469,'Chris Amos'),(470,'Chris Andersen'),(471,'Chris Beetem'),(472,'Chris Brochu'),(473,'Chris Caputo'),(474,'Chris Cox'),(475,'Chris Elliott'),(476,'Chris Geere'),(477,'Chris Hemsworth'),(478,'Chris Klein'),(479,'Chris Kozlowski'),(480,'Chris Marquette'),(481,'Chris Mulkey'),(482,'Chris Nelson'),(483,'Chris Niosi'),(484,'Chris O\'Brocki'),(485,'Chris O\'Dowd'),(486,'Chris Pontius'),(487,'Chris Pratt'),(488,'Chris Rock'),(489,'Chris Russell'),(490,'Chris Viemeister'),(491,'Chrishell Stause'),(492,'Christian Bale'),(493,'Christian Coulson'),(494,'Christian Oliver'),(495,'Christina Hendricks'),(496,'Christina Licciardi'),(497,'Christina Masterson'),(498,'Christina Moore'),(499,'Christina Robinson'),(500,'Christina Rose'),(501,'Christine Adams'),(502,'Christine Mascolo'),(503,'Christine Tucker'),(504,'Christine Woods'),(505,'Christopher Abbott'),(506,'Christopher Amitrano'),(507,'Christopher Atkins'),(508,'Christopher Bates'),(509,'Christopher Cousins'),(510,'Christopher Howell'),(511,'Christopher Lee Page'),(512,'Christopher Mann'),(513,'Christopher McDonald'),(514,'Christopher Padilla'),(515,'Christopher Redman'),(516,'Christopher Rygh'),(517,'Chuck Liddell'),(518,'Chuck Morrongiello'),(519,'Chuck Zito'),(520,'Ciarán Hinds'),(521,'Cindy Busby'),(522,'Cindy Katz'),(523,'Claire Coffee'),(524,'Claire Danes'),(525,'Claire Foy'),(526,'Clancy Brown'),(527,'Clare Grant'),(528,'Clark Sarullo'),(529,'Claude Duhamel'),(530,'Clayton Snyder'),(531,'Clayton Thompson'),(532,'Cleopatra Coleman'),(533,'Clifton Collins Jr.'),(534,'Clifton Powell'),(535,'Clint Eastwood'),(536,'Clint Howard'),(537,'Cocoa Brown'),(538,'Cody Clarke'),(539,'Cody Horn'),(540,'Cody Longo'),(541,'Cole Sibus'),(542,'Colin Critchley'),(543,'Colin Egglesfield'),(544,'Colin Ford'),(545,'Colin O\'Donoghue'),(546,'Colin Woodell'),(547,'Colleen Camp'),(548,'Colm Feore'),(549,'Colman Domingo'),(550,'Common'),(551,'Conal Byrne'),(552,'Conan Stevens'),(553,'Concetta Tomei'),(554,'Connie Britton'),(555,'Connor Price'),(556,'Connor Trinneer'),(557,'Conor Proft'),(558,'Constance Towers'),(559,'Constance Wu'),(560,'Cora Kaufman'),(561,'Corbin Bernsen'),(562,'Corey MacIntosh'),(563,'Corey Stoll'),(564,'Corin Nemec'),(565,'Corinne Britti'),(566,'Cornelius Smith Jr.'),(567,'Cortez Chappell'),(568,'Cory Kays'),(569,'Cory Michael Smith'),(570,'Costas Mandylor'),(571,'Courtenay Taylor'),(572,'Courtney Akbar'),(573,'Courtney B. Vance'),(574,'Courtney Eaton'),(575,'Courtney Gains'),(576,'Courtney Halverson'),(577,'Courtney Lauren Cummings'),(578,'Craig Bjornstad'),(579,'Craig Conway'),(580,'Craig muMs Grant'),(581,'Craig T. Nelson'),(582,'Creep Creepersin'),(583,'Crispin Glover'),(584,'Crystle Stewart'),(585,'Cuba Gooding Jr.'),(586,'Curtis K Case'),(587,'Curtis McGann'),(588,'Curtis Wyka'),(589,'Cynthea Mercado'),(590,'Cynthia Addai-Robinson'),(591,'Cynthia Erivo'),(592,'Cynthia Nixon'),(593,'Daeg Faerch'),(594,'Dakota Johnson'),(595,'Dakota Loesch'),(596,'Dale Dickey'),(597,'Dallas Valdez'),(598,'Damien Diaz'),(599,'Damien Genardi'),(600,'Damon Dash'),(601,'Dan Beck'),(602,'Dan Fogler'),(603,'Dan Stevens'),(604,'Dan Underhill'),(605,'Dane DeHaan'),(606,'Dania Ramirez'),(607,'Daniel Baldwin'),(608,'Daniel Brühl'),(609,'Daniel de Weldon'),(610,'Daniel Degnan'),(611,'Daniel Doheny'),(612,'Daniel Fisher-Golden'),(613,'Daniel Henshall'),(614,'Daniel Jenkins'),(615,'Daniel Portman'),(616,'Daniel Radcliffe'),(617,'Danielle Burgess'),(618,'Danielle Davenport'),(619,'Danielle Deadwyler'),(620,'Danielle Donahue'),(621,'Danielle Harris'),(622,'Danielle Macdonald'),(623,'Danielle Sagona'),(624,'Danika Fields'),(625,'Danny A. Abeckaser'),(626,'Danny McBride'),(627,'Danny Trejo'),(628,'Dante Walker'),(629,'Daphne Zuniga'),(630,'Darby Hinton'),(631,'Darius Willis'),(632,'Dasha Nekrasova'),(633,'Dashiell Wolf'),(634,'Dave Franco'),(635,'Dave Sheridan'),(636,'Daveed Diggs'),(637,'David Aaron Baker'),(638,'David Alan Basche'),(639,'David Alexander'),(640,'David Arquette'),(641,'David Banner'),(642,'David Berberian'),(643,'David Corenswet'),(644,'David Dastmalchian'),(645,'David DeLao'),(646,'David Denman'),(647,'David Koechner'),(648,'David McCracken'),(649,'David Newman'),(650,'David Oyelowo'),(651,'David Scott Crawford'),(652,'David Spade'),(653,'David Strathairn'),(654,'David Tennant'),(655,'David Vaughn'),(656,'David Zellner'),(657,'Davinder Singh'),(658,'Dawna Lee Heising'),(659,'Dean Cain'),(660,'Dean J. West'),(661,'Deana Demko'),(662,'Debbie Rochon'),(663,'Deborah Chenault-Green'),(664,'Deborah Geffner'),(665,'Debra De Liso'),(666,'Debra Sullivan'),(667,'Dede Lovelace'),(668,'Deena Ingley'),(669,'Dega Lazare'),(670,'Deidre Goodwin'),(671,'Deirdre O\'Connell'),(672,'Delroy Lindo'),(673,'Demián Bichir'),(674,'Denis O\'Hare'),(675,'Denise Carroll'),(676,'Denise Poole'),(677,'Denise Richards'),(678,'Dennis Budesheim'),(679,'Dennis Fitzpatrick'),(680,'Dennis Haskins'),(681,'Dennis Mencia'),(682,'Dennis Quaid'),(683,'Denzel Washington'),(684,'Derek Savage'),(685,'Dermot Mulroney'),(686,'DeRon Horton'),(687,'Devan Key'),(688,'Devin Fuller'),(689,'DeWanda Wise'),(690,'Diana Angelson'),(691,'Diana Cristina Solis'),(692,'Diana D. Ambrosio'),(693,'Diane Adelson'),(694,'Diane Keaton'),(695,'Diarmaid Murtagh'),(696,'Diedrich Bader'),(697,'Diora Baird'),(698,'DJ Dallenbach'),(699,'Dolly Wells'),(700,'Domhnall Gleeson'),(701,'Dominic Fumusa'),(702,'Dominique Fishback'),(703,'Dominique Swain'),(704,'Dominique Toney'),(705,'Don Brandon'),(706,'Don Tjernagel'),(707,'Donald Sutherland'),(708,'Donna Rusch'),(709,'Donny Boaz'),(710,'Donte Essien'),(711,'Dorian Cirillo-Murray'),(712,'Dot Cosgrove'),(713,'Doug Burch'),(714,'Dove Meir'),(715,'Drake Bell'),(716,'Drake Burnette'),(717,'Draya Michele'),(718,'Drew Lynch'),(719,'Drew Rin Varick'),(720,'Drew Seeley'),(721,'Dutch Hofstetter'),(722,'Dwayne Johnson'),(723,'Dylan Gelula'),(724,'Dylan McDermott'),(725,'Dylan O\'Brien'),(726,'Dylan Sprouse'),(727,'Dylan Walsh'),(728,'E\'dena Hines'),(729,'Ebon Moss-Bachrach'),(730,'Ed Begley Jr.'),(731,'Ed Helms'),(732,'Ed Oxenbould'),(733,'Ed Skrein'),(734,'Eddie B. Hill'),(735,'Eddie Jemison'),(736,'Eddie Mills'),(737,'Eden Sher'),(738,'Edgar Ramírez'),(739,'Edi Gathegi'),(740,'Eduard Adam'),(741,'Edward Gusts'),(742,'Edward James Olmos'),(743,'Eileen Davies'),(744,'Einar Kuusk'),(745,'Elaine Hendrix'),(746,'Elden Henson'),(747,'Eleanor Worthington-Cox'),(748,'Eliot'),(749,'Elisabeth Harnois'),(750,'Elisabeth Henry'),(751,'Elisabeth Moss'),(752,'Elisabeth Shue'),(753,'Elisha Kriis'),(754,'Elissa Dowling'),(755,'Eliza Coupe'),(756,'Eliza Roberts'),(757,'Elizabeth A. Davis'),(758,'Elizabeth Banks'),(759,'Elizabeth Becka'),(760,'Elizabeth Lail'),(761,'Elizabeth Maxwell'),(762,'Elizabeth Saint'),(763,'Ella Joyce'),(764,'Ella Kweku'),(765,'Ella Purnell'),(766,'Ella Scott Lynch'),(767,'Ellie Aaron'),(768,'Ellie Bamber'),(769,'Ellie Church'),(770,'Ellie Gall'),(771,'Ellie Patrikios'),(772,'Elpidia Carrillo'),(773,'Elsie Fisher'),(774,'Elvira Tröger'),(775,'Elvire Emanuelle'),(776,'Elyse Dufour'),(777,'Embry Johnson'),(778,'Emil Mandanac'),(779,'Emilio Estevez'),(780,'Emily Baldoni'),(781,'Emily Bett Rickards'),(782,'Emily Blunt'),(783,'Emily Elicia Low'),(784,'Emily Goss'),(785,'Emily Hahn'),(786,'Emily Jordan'),(787,'Emily Landham'),(788,'Emily Meade'),(789,'Emily Mortimer'),(790,'Emily O\'Brien'),(791,'Emily Ratajkowski'),(792,'Emily Robinson'),(793,'Emily Rose'),(794,'Emily Sweet'),(795,'Emily Tennant'),(796,'Emma Kennedy'),(797,'Emma Rayne Lyle'),(798,'Emmaline Friederichs'),(799,'Emmanuel Vega'),(800,'Emmanuelle Chriqui'),(801,'Emrhys Cooper'),(802,'Eric Balfour'),(803,'Eric Beecroft'),(804,'Eric Close'),(805,'Eric Etebari'),(806,'Eric Johnson'),(807,'Eric Michael Roy'),(808,'Eric Paul Erickson'),(809,'Eric Roberts'),(810,'Eric Szmanda'),(811,'Eric Wolfgang Nelson'),(812,'Eric Word'),(813,'Erick West'),(814,'Erik Aude'),(815,'Erik Estrada'),(816,'Erik Griffin'),(817,'Erik Kammerland'),(818,'Erik LaRay Harvey'),(819,'Erik Stocklin'),(820,'Erik Van Wyck'),(821,'Erika Ervin'),(822,'Erin Moriarty'),(823,'Erin O\'Brien'),(824,'Erin R. Ryan'),(825,'Erinn Hayes'),(826,'Esai Morales'),(827,'Estelle Parsons'),(828,'Esther Garrel'),(829,'Ethan McDowell'),(830,'Eugene Kotlyarenko'),(831,'Eugenio Derbez'),(832,'Eva Longoria'),(833,'Evan Arnold'),(834,'Evan Hofer'),(835,'Evan James Henderson'),(836,'Evan Myles Horsley'),(837,'Evan Rosado'),(838,'Evangeline Lilly'),(839,'Eve Mauro'),(840,'Evelyn Wawrzyniak'),(841,'Every Heart'),(842,'Ewan Chung'),(843,'Famke Janssen'),(844,'Fayssal Bazzi'),(845,'Felicity Jones'),(846,'Felissa Rose'),(847,'Fernando Cano'),(848,'Finn Wittrock'),(849,'Forest Whitaker'),(850,'Fran Kranz'),(851,'Frances Conroy'),(852,'Frank Gingerich'),(853,'Frank Lammers'),(854,'Frank Welker'),(855,'Frankie Muniz'),(856,'Frankie Pozos'),(857,'Franziska Schissler'),(858,'Frederick Ford Beckley'),(859,'Frederick George Stuhrberg'),(860,'Frida Farrell'),(861,'G.C. Clark'),(862,'Gabe Fazio'),(863,'Gabriel Byrne'),(864,'Gabriella Chiulli'),(865,'Gabrielle Reid'),(866,'Gabrielle Union'),(867,'Gael García Bernal'),(868,'Gal Gadot'),(869,'Garlan Green'),(870,'Garr Long'),(871,'Garret Dillahunt'),(872,'Garrett Clayton'),(873,'Garrett Hedlund'),(874,'Garrett Wareing'),(875,'Gary Daniels'),(876,'Gary Oldman'),(877,'Gary Weeks'),(878,'Gemma McIlhenny'),(879,'Genesis Rodriguez'),(880,'Geno Walker'),(881,'Gentry Brys'),(882,'George Hardy'),(883,'George Kopsidas'),(884,'George Loomis'),(885,'George Lopez'),(886,'Georin Aquila'),(887,'Gerald Crum'),(888,'Geraldine Viswanathan'),(889,'Gerard Butler'),(890,'Gerard Catus'),(891,'Gerardo M Velasquez'),(892,'Gergana Mellin'),(893,'Géza Röhrig'),(894,'Gianna Ciminera'),(895,'Gianna Frangella'),(896,'Gideon Emery'),(897,'Gillian Anderson'),(898,'Gillian Jacobs'),(899,'Gina Gershon'),(900,'Gina Hiraizumi'),(901,'Gina Rodriguez'),(902,'Gino Anthony Pesi'),(903,'Glen Powell'),(904,'Glenn Fleshler'),(905,'Grace Gummer'),(906,'Grace Rex'),(907,'Grace Victoria Cox'),(908,'Graham Sibley'),(909,'Graham Skipper'),(910,'Granit Lahu'),(911,'Greg Blessing'),(912,'Greg Cipes'),(913,'Greg Cohan'),(914,'Greg James'),(915,'Greg Kinnear'),(916,'Greg Sestero'),(917,'Gregory Linington'),(918,'Gregory Niebel'),(919,'Greta Garland'),(920,'Grey Damon'),(921,'Grey Griffin'),(922,'Griffin Dunne'),(923,'Griffin Freeman'),(924,'Grover McCants'),(925,'Gugu Mbatha-Raw'),(926,'Guillaume Faure'),(927,'Guillermo Díaz'),(928,'Guillermo Iván'),(929,'Gwen Elizabeth Duchon'),(930,'Hailee Steinfeld'),(931,'Hailey Henry'),(932,'Hal Linden'),(933,'Hal Schneider'),(934,'Haley Lu Richardson'),(935,'Hallie Shepherd'),(936,'Hamish Linklater'),(937,'Hanna Longo'),(938,'Hannah Barefoot'),(939,'Hannah Gross'),(940,'Hannah Herzsprung'),(941,'Hannah Marks'),(942,'Hannah Murray'),(943,'Hannah Race'),(944,'Hannah Westerfield'),(945,'Hardley Davidson'),(946,'Harley Wallen'),(947,'Harrison Holzer'),(948,'Harry Antonucci'),(949,'Harry Dean Stanton'),(950,'Harry Hamlin'),(951,'Hassie Harrison'),(952,'Hattie Smith'),(953,'Hayley Ambriz'),(954,'Hayley Lovitt'),(955,'Helen Hunt'),(956,'Helena Howard'),(957,'Helena Mattsson'),(958,'Helene Udy'),(959,'Henry Cavill'),(960,'Henry Golding'),(961,'Hera Hilmar'),(962,'Hermione Corfield'),(963,'Heston Horwin'),(964,'Hilary Swank'),(965,'Hill Harper'),(966,'Hiram Ortiz'),(967,'Hiram Paley'),(968,'Hisham Tawfiq'),(969,'Holden Andrews'),(970,'Holly Hunter'),(971,'Holly Taylor'),(972,'Holt McCallany'),(973,'Hope Olaide Wilson'),(974,'Houshang Touzie'),(975,'Hugo Armstrong'),(976,'Hugo Weaving'),(977,'Hunter Alexes Parker'),(978,'Hustle'),(979,'Ian Dick'),(980,'Ian Lauer'),(981,'Ike Barinholtz'),(982,'Iko Uwais'),(983,'Imogen Poots'),(984,'Imogen Waterhouse'),(985,'India Eisley'),(986,'Irina Abraham'),(987,'Irrfan Khan'),(988,'Isaac C. Singleton Jr.'),(989,'Isaac Jay'),(990,'Isabela Merced'),(991,'Isabela Quines'),(992,'Isabella Blake-Thomas'),(993,'Isabelle Chester'),(994,'Isabelle McNally'),(995,'Isiah Whitlock Jr.'),(996,'Itziar Martinez'),(997,'Ivy Rhodes'),(998,'J. Michael Finley'),(999,'J.C. Maçek III'),(1000,'J.K. Simmons'),(1001,'Jack Bensinger'),(1002,'Jack Black'),(1003,'Jack Champion'),(1004,'Jack Dimich'),(1005,'Jack Dylan Grazer'),(1006,'Jack Kesy'),(1007,'Jack O\'Connell'),(1008,'Jack Reynor'),(1009,'Jackey Neyman Jones'),(1010,'Jackie Tohn'),(1011,'Jackson Davis'),(1012,'Jacob Artist'),(1013,'Jacob Batalon'),(1014,'Jacob Fortner'),(1015,'Jacob Latimore'),(1016,'Jacob Tremblay'),(1017,'Jacqi Vene'),(1018,'Jacqueline Bisset'),(1019,'Jacqueline Wright'),(1020,'Jaden Piner'),(1021,'Jahel Corban Caldera'),(1022,'Jahi Di\'Allo Winston'),(1023,'Jahking Guillory'),(1024,'Jai Brooks'),(1025,'Jai Rodriguez'),(1026,'Jaime Gallagher'),(1027,'Jaime Murray'),(1028,'Jake Bowman'),(1029,'Jake Bradley'),(1030,'Jake Gyllenhaal'),(1031,'Jake Johnson'),(1032,'Jake Lacy'),(1033,'Jake McDorman'),(1034,'Jake Stormoen'),(1035,'Jake Thomas'),(1036,'Jamaal Avery Jr.'),(1037,'James Badge Dale'),(1038,'James Corden'),(1039,'James Denton'),(1040,'James Faulkner'),(1041,'James Franco'),(1042,'James J. Fuertes'),(1043,'James Jurdi'),(1044,'James Kyson'),(1045,'James Marsters'),(1046,'James McCaffrey'),(1047,'James Ransone'),(1048,'James Robinson Jr.'),(1049,'James Snyder'),(1050,'Jameson Pazak'),(1051,'Jamie Bell'),(1052,'Jamie Bernadette'),(1053,'Jamie Carroll'),(1054,'Jamie Dornan'),(1055,'Jamie Foxx'),(1056,'Jamie Kennedy'),(1057,'Jamie Lee Curtis'),(1058,'Jan Broberg'),(1059,'Jana Winternitz'),(1060,'Jane Casserly'),(1061,'Jane Fonda'),(1062,'Jane Levy'),(1063,'Jane Rowen'),(1064,'Jane Seymour'),(1065,'Janel Parrish'),(1066,'Janelle Monáe'),(1067,'Janina Gavankar'),(1068,'Janine Turner'),(1069,'Janis Duley'),(1070,'Jared Boyce'),(1071,'Jared Kusnitz'),(1072,'Jared Leto'),(1073,'Jared Scott'),(1074,'Jaron Michael Hawkins'),(1075,'Jason Bateman'),(1076,'Jason Bellini'),(1077,'Jason Clarke'),(1078,'Jason Crowe'),(1079,'Jason DeRoss'),(1080,'Jason Douglas'),(1081,'Jason George'),(1082,'Jason Gerhardt'),(1083,'Jason Isaacs'),(1084,'Jason James Richter'),(1085,'Jason London'),(1086,'Jason MacDonald'),(1087,'Jason Mitchell'),(1088,'Jason Momoa'),(1089,'Jason Olive'),(1090,'Jason Ritter'),(1091,'Jason Statham'),(1092,'Jason Stuart'),(1093,'Jason Trost'),(1094,'Jason Vail'),(1095,'Javier Botet'),(1096,'Javier Sepulveda'),(1097,'Jay Dersahagian'),(1098,'Jay Disney'),(1099,'Jay Ellis'),(1100,'Jay Habre'),(1101,'Jay Klaitz'),(1102,'Jay Lee'),(1103,'Jay Paulson'),(1104,'Jay Potter'),(1105,'Jayden Bartels'),(1106,'Jaysen P. Buterin'),(1107,'Jayson Aaron'),(1108,'Jayson Blair'),(1109,'Jaz Sinclair'),(1110,'Jazlyn Yoder'),(1111,'JD Scalzo'),(1112,'Jean Smart'),(1113,'Jearnest Corchado'),(1114,'Jeff Alguire'),(1115,'Jeff Berg'),(1116,'Jeff Bridges'),(1117,'Jeff Denton'),(1118,'Jeff Feringa'),(1119,'Jeff Goldblum'),(1120,'Jeff Hatch'),(1121,'Jeff Kirkendall'),(1122,'Jeff Kober'),(1123,'Jeff Perry'),(1124,'Jeff Wahlberg'),(1125,'Jeffery Rifflard'),(1126,'Jeffrey Arrington'),(1127,'Jeffrey Grover'),(1128,'Jeffrey Vincent Parise'),(1129,'Jeffrey Wright'),(1130,'Jemima Kirke'),(1131,'Jemma Dallender'),(1132,'Jen Lilley'),(1133,'Jenica Bergere'),(1134,'Jenna Enns'),(1135,'Jenna Laurenzo'),(1136,'Jenna Ortega'),(1137,'Jenna Willis'),(1138,'Jenni Melear'),(1139,'Jennica Schwartzman'),(1140,'Jennifer Aniston'),(1141,'Jennifer Beals'),(1142,'Jennifer Carpenter'),(1143,'Jennifer Ehle'),(1144,'Jennifer Freeman'),(1145,'Jennifer Garner'),(1146,'Jennifer Lawrence'),(1147,'Jennifer Lopez'),(1148,'Jennifer Morrison'),(1149,'Jennifer Taylor'),(1150,'Jennifer Wenger'),(1151,'Jenny Boyd'),(1152,'Jenny Curtis'),(1153,'Jenny Hutton'),(1154,'Jenny O\'Hara'),(1155,'Jeremy Biltz'),(1156,'Jeremy Childs'),(1157,'Jeremy Holm'),(1158,'Jeremy Irons'),(1159,'Jeremy Isaiah Earl'),(1160,'Jeremy Ray Taylor'),(1161,'Jermaine Fowler'),(1162,'Jermaine Rivers'),(1163,'Jeron Pierce'),(1164,'Jerry G. Angelo'),(1165,'Jerry Trainor'),(1166,'Jess Weixler'),(1167,'Jesse Gervasi'),(1168,'Jesse James'),(1169,'Jesse Ray Sheps'),(1170,'Jesse Rosen'),(1171,'Jesse Ryan'),(1172,'Jessee Foudray'),(1173,'Jessica Allain'),(1174,'Jessica Barth'),(1175,'Jessica Koloian'),(1176,'Jessica Lynn Parsons'),(1177,'Jessica Miesel'),(1178,'Jessica Morris'),(1179,'Jessica Rothe'),(1180,'Jessica Willis'),(1181,'Jessie T. Usher'),(1182,'Jezabel Montero'),(1183,'Jezibell Anat'),(1184,'Jhetta Tionne Anderson'),(1185,'Jhey Castles'),(1186,'Jill Rene'),(1187,'Jillian Clare'),(1188,'Jillian Geurts'),(1189,'Jim Caviezel'),(1190,'Jim Cummings'),(1191,'Jim Gaffigan'),(1192,'Jim Klock'),(1193,'Jim Meskimen'),(1194,'Jim O\'Heir'),(1195,'Jim Parsons'),(1196,'Jim Tavaré'),(1197,'Jim Voorhees'),(1198,'Jimmy Ace Lewis'),(1199,'Jimmy Gerovac'),(1200,'Jinette Faraj'),(1201,'Jiree Jillyan Jones'),(1202,'JJ Feild'),(1203,'Joanne Froggatt'),(1204,'João Vilas'),(1205,'Jocelin Donahue'),(1206,'Joe Adler'),(1207,'Joe Cilio'),(1208,'Joe Coots'),(1209,'Joe Grisaffi'),(1210,'Joe Lara'),(1211,'Joe Longo'),(1212,'Joe Pantoliano'),(1213,'Joe Raffa'),(1214,'Joel Bissonnette'),(1215,'Joel Clark Ackerman'),(1216,'Joel Edgerton'),(1217,'Joey Bicicchi'),(1218,'Joey Bragg'),(1219,'Joey Burke'),(1220,'Joey King'),(1221,'Joey Loboda'),(1222,'Joey Richter'),(1223,'Johanna Braddy'),(1224,'Jóhannes Haukur Jóhannesson'),(1225,'John Benjamin Hickey'),(1226,'John Blyth Barrymore'),(1227,'John C. McGinley'),(1228,'John C. Reilly'),(1229,'John Cena'),(1230,'John Champion'),(1231,'John Cusack'),(1232,'John David Washington'),(1233,'John Gallagher Jr.'),(1234,'John Hawkes'),(1235,'John Heard'),(1236,'John Hutton'),(1237,'John James'),(1238,'John Kapelos'),(1239,'John Krasinski'),(1240,'John Kyle'),(1241,'John Malkovich'),(1242,'John McKeever'),(1243,'John Merchant'),(1244,'John N. Dvorak'),(1245,'John Ratzenberger'),(1246,'John Robinson'),(1247,'John Savage'),(1248,'John Schneider'),(1249,'John Schuck'),(1250,'John Shea'),(1251,'John-Michael Carlton'),(1252,'Johnny Depp'),(1253,'Johnny Giacalone'),(1254,'Johnny Knoxville'),(1255,'Johnny Messner'),(1256,'Joivan Wade'),(1257,'Jon Gale'),(1258,'Jon Gries'),(1259,'Jon Hamm'),(1260,'Jon Heder'),(1261,'Jon Lovitz'),(1262,'Jon Matteson'),(1263,'Jon Michael Hill'),(1264,'Jon Norman Schneider'),(1265,'Jon Paul Burkhart'),(1266,'Jon Prescott'),(1267,'Jon Proudstar'),(1268,'Jon Silberg'),(1269,'Jon Voight'),(1270,'Jonah Anderson'),(1271,'Jonas Bloquet'),(1272,'Jonathan Holbrook'),(1273,'Jonathan Howard'),(1274,'Jonathan Kite'),(1275,'Jonny Lee'),(1276,'Joonas Suotamo'),(1277,'Jordan Becker'),(1278,'Jordan Danger'),(1279,'Jordan Pacheco'),(1280,'Jordan Rock'),(1281,'Jordan Trovillion'),(1282,'Jordi Vilasuso'),(1283,'Jose Rosete'),(1284,'Joseph Lopez'),(1285,'Joseph Martinez'),(1286,'Joseph Michael Harris'),(1287,'Josh Brolin'),(1288,'Josh Duhamel'),(1289,'Josh Hamilton'),(1290,'Josh Hopkins'),(1291,'Josh Kelly'),(1292,'Josh Peck'),(1293,'Josh Stewart'),(1294,'Joshua Burge'),(1295,'Joshua Dela Cruz'),(1296,'Joshua Leonard'),(1297,'Joshua Winch'),(1298,'Jovan Adepo'),(1299,'Joy Shatz'),(1300,'Joy Yaholkovsky'),(1301,'JR Bourne'),(1302,'Juan Monsalvez'),(1303,'Jude Law'),(1304,'Jude Moran'),(1305,'Jude S. Walko'),(1306,'Judith Godrèche'),(1307,'Judith Scott'),(1308,'Judy Greer'),(1309,'Julia Beach'),(1310,'Julia Goldani Telles'),(1311,'Julia Roberts'),(1312,'Julian Atocani Sanchez'),(1313,'Julian Bray'),(1314,'Julian Parker'),(1315,'Julianne Moore'),(1316,'Julie Gonzalo'),(1317,'Julie R. Ølgaard'),(1318,'Julie Reifers'),(1319,'Juliet Doherty'),(1320,'Juliet Mills'),(1321,'Juliette Angelo'),(1322,'Juliette Lewis'),(1323,'June Dietrich'),(1324,'Juno Temple'),(1325,'Jurnee Smollett'),(1326,'Justin Armstrong'),(1327,'Justin Baldoni'),(1328,'Justin Berti'),(1329,'Justin Bruening'),(1330,'Justin Chatwin'),(1331,'Justin Chon'),(1332,'Justin Hartley'),(1333,'Justin Lebrun'),(1334,'Justin Ray'),(1335,'Justin Rodriguez'),(1336,'Justin Theroux'),(1337,'Justin Xavier'),(1338,'Kabrina Miller'),(1339,'Kadin Bray'),(1340,'Kaitlyn Black'),(1341,'Kaiwi Lyman'),(1342,'Kam Franklin'),(1343,'Karan Soni'),(1344,'Karen Boles'),(1345,'Karen Gillan'),(1346,'Karissa Lee Staples'),(1347,'Karissa Strain'),(1348,'Karla Mosley'),(1349,'Karolina Morrongiello'),(1350,'Karrueche Tran'),(1351,'Karynn Moore'),(1352,'Kat Graham'),(1353,'Kate Avery'),(1354,'Kate Bosworth'),(1355,'Kate Flannery'),(1356,'Kate Kenney'),(1357,'Kate Mansi'),(1358,'Kate McKinnon'),(1359,'Kate Rose Reynolds'),(1360,'Kate Winslet'),(1361,'Katelyn Pearce'),(1362,'KateLynn E. Newberry'),(1363,'Katherine Hughes'),(1364,'Katherine Waterston'),(1365,'Kathleen Quinlan'),(1366,'Kathrine Narducci'),(1367,'Kathryn Hahn'),(1368,'Kathryn Prescott'),(1369,'Kathryn Whitney'),(1370,'Kathy Baker'),(1371,'Kathy Searle'),(1372,'Kathy Valentine'),(1373,'Katie Adkins'),(1374,'Katie Cassidy'),(1375,'Katie Elsaesser'),(1376,'Katie Gibson'),(1377,'Katie Gunn'),(1378,'Katie Hemming'),(1379,'Katie Strain'),(1380,'Katlyn Carlson'),(1381,'Katrina Bowden'),(1382,'Kaya Scodelario'),(1383,'Kayden Kross'),(1384,'Kayla Ewell'),(1385,'Kayleigh Gilbert'),(1386,'Kaytlin Borgen'),(1387,'Keanu Reeves'),(1388,'Keanu Wilson'),(1389,'Keith David'),(1390,'Keith Poulson'),(1391,'Keke Palmer'),(1392,'Kelci C. Magel'),(1393,'Kelli Vonshay Henderson'),(1394,'Kellie Greene'),(1395,'Kelly Blatz'),(1396,'Kelly Chase'),(1397,'Kelly Cunningham'),(1398,'Kelly Hu'),(1399,'Kelly Macdonald'),(1400,'Kelly Packard'),(1401,'Kelly Patton'),(1402,'Kelly Sullivan'),(1403,'Kelly Thiebaud'),(1404,'Kelsey Carlisle'),(1405,'Kelsey Scott'),(1406,'Kelvin Harrison Jr.'),(1407,'Ken Samuels'),(1408,'Ken Volok'),(1409,'Ken Watanabe'),(1410,'Kendal Farr'),(1411,'Kendall Ryan Sanders'),(1412,'Kendall Vertes'),(1413,'Kendra Carelli'),(1414,'Kennedy Lea Slocum'),(1415,'Kerry Condon'),(1416,'Ketrick \'Jazz\' Copeland'),(1417,'Kevin Alain'),(1418,'Kevin D. Benton'),(1419,'Kevin Dillon'),(1420,'Kevin Hart'),(1421,'Kevin Kane'),(1422,'Kevin Makely'),(1423,'Kevin McKelvey'),(1424,'Kevin McNamara'),(1425,'Kevin Nash'),(1426,'Kevin Sizemore'),(1427,'Kevin Spacey'),(1428,'Keylor Leigh'),(1429,'Keyna Reynolds'),(1430,'Khalid Benchagra'),(1431,'Khary Payton'),(1432,'Khu'),(1433,'Ki Hong Lee'),(1434,'Kiersey Clemons'),(1435,'KiKi Layne'),(1436,'Kim Coates'),(1437,'Kim Director'),(1438,'Kimberly Williams-Paisley'),(1439,'Kimiko Glenn'),(1440,'Kippei Shîna'),(1441,'Kira Reed Lorsch'),(1442,'Kirby Johnson'),(1443,'Kitty O\'Beirne'),(1444,'Kj Schrock'),(1445,'Kobe Bryant'),(1446,'Kodi Saint Angelo'),(1447,'Kodi Smit-McPhee'),(1448,'Korrina Rico'),(1449,'Kris Kristofferson'),(1450,'Krista Allen'),(1451,'Kristen Bell'),(1452,'Kristen StephensonPino'),(1453,'Kristen Stewart'),(1454,'Kristian Nairn'),(1455,'Kristin Clarke'),(1456,'Kristina Klebe'),(1457,'Kristina Wagner'),(1458,'Kristine Froseth'),(1459,'Kristoffer Polaha'),(1460,'Kristy Swanson'),(1461,'Krizia Bajos'),(1462,'Kyle'),(1463,'Kyle Catlett'),(1464,'Kyle Chandler'),(1465,'Kyle Gallner'),(1466,'Kyle Howard'),(1467,'Kyle Jones'),(1468,'Kyle Patrick Darling'),(1469,'Kyrie Irving'),(1470,'Lady Gaga'),(1471,'Laia Costa'),(1472,'Laila Robins'),(1473,'LaKeith Stanfield'),(1474,'LaKeta Booker'),(1475,'Lâm Vissay'),(1476,'Lana Condor'),(1477,'Lana Wood'),(1478,'Lance Henriksen'),(1479,'Lance Reddick'),(1480,'Larry Bryggman'),(1481,'Laura Ashley Samuels'),(1482,'Laura Dern'),(1483,'Laura Flannery'),(1484,'Laura Fraser'),(1485,'Laura Kirk'),(1486,'Laura Krystine'),(1487,'Laura Wright'),(1488,'Lauralee Bell'),(1489,'Lauren Ashley Carter'),(1490,'Lauren Bowles'),(1491,'Lauren Cohan'),(1492,'Lauren Compise'),(1493,'Lauren Francesca'),(1494,'Lauren Holly'),(1495,'Lauren Kelly'),(1496,'Lauren Lapkus'),(1497,'Lauren Lopez'),(1498,'Lauren McKnight'),(1499,'Lauren Perez'),(1500,'Lauren Sweetser'),(1501,'Laurence Fishburne'),(1502,'Laz Alonso'),(1503,'Lea Hutton Beasmore'),(1504,'Lea Thompson'),(1505,'Leah McKendrick'),(1506,'Leah Pipes'),(1507,'Leah Remini'),(1508,'Lee Kholafai'),(1509,'Leem Lubany'),(1510,'Leigh Whannell'),(1511,'Leigh-Allyn Baker'),(1512,'Lemmy'),(1513,'Lesley Ann Warren'),(1514,'Lesley-Ann Brandt'),(1515,'Leslie Easterbrook'),(1516,'Leslie Mann'),(1517,'Lester Speight'),(1518,'Levenix Riddle'),(1519,'Lew Temple'),(1520,'Lewis Smith'),(1521,'Lex Scott Davis'),(1522,'Lexi Giovagnoli'),(1523,'Lexi Johnson'),(1524,'Lexis Aguilar'),(1525,'Li Eubanks'),(1526,'Liam McNeill'),(1527,'Liam Neeson'),(1528,'Liana Liberato'),(1529,'Lil Rel Howery'),(1530,'Lily Anne Harrison'),(1531,'Lily James'),(1532,'Lily Newmark'),(1533,'Lin Shaye'),(1534,'Lin-Manuel Miranda'),(1535,'Linara Washington'),(1536,'Linda Cardellini'),(1537,'Linsey Godfrey'),(1538,'Lisa Sheridan'),(1539,'Lisa van Dam-Bates'),(1540,'Lisa Wilcox'),(1541,'Liv Tyler'),(1542,'Liz Cardenas'),(1543,'Liz Fenning'),(1544,'Liza Lapira'),(1545,'Lizze Broadway'),(1546,'Lizzy Caplan'),(1547,'Logan Arevalo'),(1548,'Logan Huffman'),(1549,'Logan Marshall-Green'),(1550,'Logan Miller'),(1551,'Logan Paul'),(1552,'Lola Kirke'),(1553,'Lolli Sorenson'),(1554,'London Deverona'),(1555,'Lora Martinez-Cunningham'),(1556,'Lorenzo Lamas'),(1557,'Loreto Peralta'),(1558,'Loretta Devine'),(1559,'Lori Bocanegro'),(1560,'Lori Jo Hendrix'),(1561,'Lori Petty'),(1562,'Lorraine Toussaint'),(1563,'Lou Diamond Phillips'),(1564,'Lou Ferrigno'),(1565,'Louisa Torres'),(1566,'Luca Malacrino'),(1567,'Lucas Hedges'),(1568,'Luciana Faulhaber'),(1569,'Lucy Hale'),(1570,'Lucy Liu'),(1571,'Ludacris'),(1572,'Lukas Nelson'),(1573,'Luke Baines'),(1574,'Luke Brandon Field'),(1575,'Luke Brooks'),(1576,'Luke Evans'),(1577,'Luke Ganalon'),(1578,'Luke Goss'),(1579,'Luke Hemsworth'),(1580,'Luke Kirby'),(1581,'Luke Prael'),(1582,'Luke Tennie'),(1583,'Lulu Antariksa'),(1584,'Lundon Boyd'),(1585,'Lupita Nyong\'o'),(1586,'Lydia Wilson'),(1587,'Lyndon Smith'),(1588,'Lynn Andrews III'),(1589,'Lynn Lowry'),(1590,'Lynn Mancinelli'),(1591,'Lynn Whitfield'),(1592,'Lyriq Bent'),(1593,'M. Emmet Walsh'),(1594,'M.C. Gainey'),(1595,'Maahra Hill'),(1596,'Mackenzie Astin'),(1597,'Mackenzie Davis'),(1598,'Mackenzie Foy'),(1599,'Madalina Bellariu Ion'),(1600,'Maddie Casto'),(1601,'Madeleine Mantock'),(1602,'Madeline Brewer'),(1603,'Madeline Carroll'),(1604,'Madeline Conway'),(1605,'Madison Dirks'),(1606,'Madison Iseman'),(1607,'Madison Lawlor'),(1608,'Madison McKinley'),(1609,'Madison West'),(1610,'Mae Whitman'),(1611,'Maëlle Poesy-Guichard'),(1612,'Maggie Grace'),(1613,'Maggie Gyllenhaal'),(1614,'Maggie Lawson'),(1615,'Magnús Jónsson'),(1616,'Mahershala Ali'),(1617,'Maia Mitchell'),(1618,'Maiara Walsh'),(1619,'Maika Monroe'),(1620,'Maisie Williams'),(1621,'Makenzie Moss'),(1622,'Malcolm McDowell'),(1623,'Malin Akerman'),(1624,'Mandy Grace'),(1625,'Mandy Kaplan'),(1626,'Mandy Moore'),(1627,'Mann Alfonso'),(1628,'Manuel Domínguez'),(1629,'Marcin Kowalczyk'),(1630,'Marcus Johns'),(1631,'Marcus LaVoi'),(1632,'Marem Hassler'),(1633,'Margaret O\'Brien'),(1634,'Marguerite Moreau'),(1635,'Maria Bello'),(1636,'Maria Gray'),(1637,'Maria Leite'),(1638,'Maria Olsen'),(1639,'Marianne Rendón'),(1640,'Marie DeLorenzo'),(1641,'Mariela Garriga'),(1642,'Marika Jett Hickey'),(1643,'Marilu Henner'),(1644,'Marisa Tomei'),(1645,'Marisol Nichols'),(1646,'Marissa Carpio'),(1647,'Mark Adair-Rios'),(1648,'Mark Famiglietti'),(1649,'Mark Hamill'),(1650,'Mark Hapka'),(1651,'Mark Junek'),(1652,'Mark Lawrence'),(1653,'Mark Ruffalo'),(1654,'Mark Thompson'),(1655,'Mark Valeriano'),(1656,'Mark Wahlberg'),(1657,'Markus Kelle'),(1658,'Markus Silbiger'),(1659,'Marley Frank'),(1660,'Marlon Fisher'),(1661,'Marshal Hilton'),(1662,'Marshall Cook'),(1663,'Marshall Manesh'),(1664,'Marta Timofeeva'),(1665,'Martin Copping'),(1666,'Martin Henderson'),(1667,'Martin Martinez'),(1668,'Martin Sensmeier'),(1669,'Martin Starr'),(1670,'Mary Anzalone'),(1671,'Mary Chuy'),(1672,'Mary Elizabeth Ellis'),(1673,'Mary Elizabeth Winstead'),(1674,'Mary Kay Place'),(1675,'Mary Lynn Rajskub'),(1676,'Mary McCormack'),(1677,'Mary Steenburgen'),(1678,'Marylee Osborne'),(1679,'Mathew St. Patrick'),(1680,'Mathilde Ollivier'),(1681,'Matt Besser'),(1682,'Matt Bomer'),(1683,'Matt Dallas'),(1684,'Matt Dillon'),(1685,'Matt Lake'),(1686,'Matt Lee Ingebritson'),(1687,'Matt Martin'),(1688,'Matt Pascua'),(1689,'Matt Smith'),(1690,'Matt Walsh'),(1691,'Matthew Atkinson'),(1692,'Matthew Broderick'),(1693,'Matthew Dennis Lewis'),(1694,'Matthew Derek Davis'),(1695,'Matthew Ewald'),(1696,'Matthew Glave'),(1697,'Matthew James McCarthy'),(1698,'Matthew Lillard'),(1699,'Matthew McConaughey'),(1700,'Matthew Modine'),(1701,'Matthew Pohlkamp'),(1702,'Matthew Solomon'),(1703,'Matthias Schoenaerts'),(1704,'Matty Cardarople'),(1705,'Maura Grady'),(1706,'Maura Tierney'),(1707,'Maureen Andronis'),(1708,'Maurice Demus'),(1709,'Max Jenkins'),(1710,'Maxime Savaria'),(1711,'Maya Erskine'),(1712,'Maya Rudolph'),(1713,'Mayling Ng'),(1714,'Mayra Leal'),(1715,'McKenzie Chinn'),(1716,'McMagic Cardenas'),(1717,'Meagan Good'),(1718,'Meera Syal'),(1719,'Meg DeLacy'),(1720,'Megalyn Echikunwoke'),(1721,'Megan Alexander'),(1722,'Megan Boone'),(1723,'Megan Cavanagh'),(1724,'Megan Massie'),(1725,'Meghan Rienks'),(1726,'Mekenna Melvin'),(1727,'Mel Heflin'),(1728,'Mel Novak'),(1729,'Mélanie Laurent'),(1730,'Melanie Lynskey'),(1731,'Melanie Vallejo'),(1732,'Melinda DeKay'),(1733,'Melissa Bolona'),(1734,'Melissa Daddio'),(1735,'Melissa Leo'),(1736,'Melissa McCarthy'),(1737,'Melora Hardin'),(1738,'Melora Walters'),(1739,'Meranda Long'),(1740,'Mercedes Maxwell'),(1741,'Merritt Patterson'),(1742,'Mia Rose Frampton'),(1743,'Mia Serafino'),(1744,'Mia Topalian'),(1745,'Mia Wasikowska'),(1746,'Micah Lynn Hanson'),(1747,'Micah Nelson'),(1748,'Michael A. Nickles'),(1749,'Michael Abela'),(1750,'Michael Agee'),(1751,'Michael B. Jordan'),(1752,'Michael B. Silver'),(1753,'Michael Bacall'),(1754,'Michael Beach'),(1755,'Michael Berryman'),(1756,'Michael Chiklis'),(1757,'Michael Draper'),(1758,'Michael Eklund'),(1759,'Michael Gazin'),(1760,'Michael Hayden'),(1761,'Michael Hudson'),(1762,'Michael Ironside'),(1763,'Michael Johnson'),(1764,'Michael Kelly'),(1765,'Michael Kenneth Fahr'),(1766,'Michael Kenneth Williams'),(1767,'Michael M. Bilandic'),(1768,'Michael Madsen'),(1769,'Michael Marcel'),(1770,'Michael Medford'),(1771,'Michael Paré'),(1772,'Michael Peña'),(1773,'Michael Rady'),(1774,'Michael Rainey Jr.'),(1775,'Michael Shamus Wiles'),(1776,'Michael Shannon'),(1777,'Michael Varrati'),(1778,'Michael Vasicek'),(1779,'Michael Wainwright'),(1780,'Michael Welch'),(1781,'Michaela Cavazos'),(1782,'Michaela Watkins'),(1783,'Michelle DeShon'),(1784,'Michelle Magallon'),(1785,'Michelle Monaghan'),(1786,'Michelle Money'),(1787,'Michelle Randolph'),(1788,'Michelle Yeoh'),(1789,'Michiel Huisman'),(1790,'Mickey River'),(1791,'Mickey Rourke'),(1792,'Miguel A. Núñez Jr.'),(1793,'Mike \'The Miz\' Mizanin'),(1794,'Mike Adams'),(1795,'Mike C. Manning'),(1796,'Mike C. Nelson'),(1797,'Mike Dargatis'),(1798,'Mike Hickey'),(1799,'Mike Kopera'),(1800,'Mike O\'Gorman'),(1801,'Mike Sutton'),(1802,'Mikeal Burgin'),(1803,'Miles G. Jackson'),(1804,'Millicent Simmonds'),(1805,'Milo Gibson'),(1806,'Mimi Rogers'),(1807,'Mira Sorvino'),(1808,'Miranda July'),(1809,'Mischa Barton'),(1810,'Missi Pyle'),(1811,'Misty Rosas'),(1812,'Mitchell Edwards'),(1813,'Mollee Gray'),(1814,'Molly Gordon'),(1815,'Molly Parker'),(1816,'Molly Ringwald'),(1817,'Molly Shannon'),(1818,'Mona Lee Fultz'),(1819,'Monica West'),(1820,'Monique Gabriela Curnen'),(1821,'Montana Jordan'),(1822,'Montana Manning'),(1823,'Morena Baccarin'),(1824,'Morgan Gingerich'),(1825,'Morgan Krantz'),(1826,'Morgan Peter Brown'),(1827,'Morgan Spector'),(1828,'Motown Maurice'),(1829,'Mr. Capone-E'),(1830,'Murphy Patrick Martin'),(1831,'Murray Bartlett'),(1832,'Myles Cranford'),(1833,'Myles Truitt'),(1834,'Myndy Crist'),(1835,'Nadia Jordan'),(1836,'Nadia Lanfranconi'),(1837,'Nadine Dubois'),(1838,'Nadine Velazquez'),(1839,'Nana Ghana'),(1840,'Nana Gouvea'),(1841,'Nana Visitor'),(1842,'Nancy Sorel'),(1843,'Naomie Harris'),(1844,'Nargis Fakhri'),(1845,'Nat Faxon'),(1846,'Nat Wolff'),(1847,'Natalia Dyer'),(1848,'Natalie Burn'),(1849,'Natalie Portman'),(1850,'Natassia Halabi'),(1851,'Natassia Malthe'),(1852,'Nathalie Rock'),(1853,'Nathan Clarkson'),(1854,'Nathan DeLaTorre'),(1855,'Nathan Gamble'),(1856,'Nathan Keyes'),(1857,'Nathan Kress'),(1858,'Nathan Wilson'),(1859,'Neil Breen'),(1860,'Neil Young'),(1861,'Nell Teare'),(1862,'Neve Campbell'),(1863,'Neville Archambault'),(1864,'Nia Peeples'),(1865,'Nican Robinson'),(1866,'Nichelle Nichols'),(1867,'Nicholas Brendon'),(1868,'Nicholas Gyeney'),(1869,'Nicholas Kolasinski'),(1870,'Nicholas Rutherford'),(1871,'Nicholas Tucci'),(1872,'Nicholas Winand'),(1873,'Nichole Galicia'),(1874,'Nick Arapoglou'),(1875,'Nick Bandera'),(1876,'Nick Bateman'),(1877,'Nick Blood'),(1878,'Nick Offerman'),(1879,'Nick Principe'),(1880,'Nick Robinson'),(1881,'Nick Sagar'),(1882,'Nick Searcy'),(1883,'Nicky Whelan'),(1884,'Nico Evers-Swindell'),(1885,'Nicola Peltz'),(1886,'Nicolas Arze'),(1887,'Nicolas Cage'),(1888,'Nicolas Cruz'),(1889,'Nicole Alexander'),(1890,'Nicole Balsam'),(1891,'Nicole Dambro'),(1892,'Nicole Kidman'),(1893,'Nicole Sullivan'),(1894,'Nigel Bach'),(1895,'Nijah Fudge'),(1896,'Nikita Shestyan'),(1897,'Nikki Feikema'),(1898,'Nina Dobrev'),(1899,'Nina Moran'),(1900,'Nina Nayebi'),(1901,'Nina Paley'),(1902,'Noah Centineo'),(1903,'Noah Fleiss'),(1904,'Noah Segan'),(1905,'Noël Wells'),(1906,'Nora Dunn'),(1907,'Nora Yessayan'),(1908,'Noree Victoria'),(1909,'O\'Shea Jackson Jr.'),(1910,'Oakley Bull'),(1911,'Obba Babatundé'),(1912,'Octavia Spencer'),(1913,'Odessa Young'),(1914,'Odette Annable'),(1915,'Odeya Rush'),(1916,'Oleg Taktarov'),(1917,'Olga Kurylenko'),(1918,'Oliver Hudson'),(1919,'Oliver Seitz'),(1920,'Olivia Cooke'),(1921,'Olivia d\'Abo'),(1922,'Olivia Thirlby'),(1923,'Olivia Wilde'),(1924,'Olivier Martinez'),(1925,'Omar Saavedra'),(1926,'Omari Hardwick'),(1927,'Oprah Winfrey'),(1928,'Orlagh Cassidy'),(1929,'Oscar Isaac'),(1930,'Owen Conway'),(1931,'Owen Lawless'),(1932,'Owen Vaccaro'),(1933,'Pablo Schreiber'),(1934,'Paget Brewster'),(1935,'Paige Elkington'),(1936,'Paige Emerson'),(1937,'Paige Hullett'),(1938,'Paloma Guzmán'),(1939,'Pamela Adlon'),(1940,'Paris Berelc'),(1941,'Paris Warner'),(1942,'Parker Stevenson'),(1943,'Pat Bradley'),(1944,'Pat Dortch'),(1945,'Pat Healy'),(1946,'Patch Darragh'),(1947,'Patriac Coakley'),(1948,'Patricia Clarkson'),(1949,'Patrick Batiste'),(1950,'Patrick Cavanaugh'),(1951,'Patrick D. Green'),(1952,'Patrick Epino'),(1953,'Patrick John Flueger'),(1954,'Patrick L. Reyes'),(1955,'Patrick Mackie'),(1956,'Patrick Muldoon'),(1957,'Patrick Schwarzenegger'),(1958,'Patrick Wilson'),(1959,'Patrick Zeller'),(1960,'Patty McCormack'),(1961,'Paul Ben-Victor'),(1962,'Paul Chirico'),(1963,'Paul Feig'),(1964,'Paul Giamatti'),(1965,'Paul Hobson'),(1966,'Paul Lieberstein'),(1967,'Paul Logan'),(1968,'Paul Rudd'),(1969,'Paul Scheer'),(1970,'Paula Niedert Elliott'),(1971,'Paula Patton'),(1972,'Paulette Todd'),(1973,'Pedro Barão Dias'),(1974,'Pedro Pascal'),(1975,'Penelope Ann Miller'),(1976,'Penny Johnson Jerald'),(1977,'Perez Hilton'),(1978,'Peri Gilpin'),(1979,'Perrey Reeves'),(1980,'Pete Zias'),(1981,'Peter Bogdanovich'),(1982,'Peter Douglas'),(1983,'Peter Fonda'),(1984,'Peter Gonzales Falcon'),(1985,'Peter J. Morton'),(1986,'Peter Mensah'),(1987,'Peter O\'Brien'),(1988,'Peter Pontone'),(1989,'Peter Stormare'),(1990,'Peyton List'),(1991,'Phillip Andre Botello'),(1992,'Phillipa Soo'),(1993,'Pia Mechler'),(1994,'Pierson Fode'),(1995,'Piper Laurie'),(1996,'Polly Draper'),(1997,'Poorna Jagannathan'),(1998,'Poppy Drayton'),(1999,'Preston Jones'),(2000,'Priscilla Quintana'),(2001,'Quinn Shephard'),(2002,'Quinton Aaron'),(2003,'R. Martin Klein'),(2004,'Rachel Alig'),(2005,'Rachel Amanda Bryant'),(2006,'Rachel Ann'),(2007,'Rachel Armiger'),(2008,'Rachel Bloom'),(2009,'Rachel Brosnahan'),(2010,'Rachel Dratch'),(2011,'Rachel Hendrix'),(2012,'Rachel Keller'),(2013,'Rachel McAdams'),(2014,'Rachel Rosenstein'),(2015,'Rachel True'),(2016,'Rachele Schank'),(2017,'Rachelle Vinberg'),(2018,'Rae Gray'),(2019,'Rafael Agustin'),(2020,'Rafael Casal'),(2021,'Rafe Spall'),(2022,'Rahul Kohli'),(2023,'Rainn Wilson'),(2024,'Rajkummar Rao'),(2025,'Ralph Sepe'),(2026,'Raluca Botez'),(2027,'Randal Malone'),(2028,'Randy Couture'),(2029,'Raúl Castillo'),(2030,'Raul Walder'),(2031,'Ray Corasani'),(2032,'Raylin Joy'),(2033,'Reagan Gomez-Preston'),(2034,'Rebecca Bujko'),(2035,'Rebecca Hall'),(2036,'Rebecca Hanssen'),(2037,'Rebecca Henderson'),(2038,'Rebecca Marshall'),(2039,'Rebecca Quin'),(2040,'Rebecca Ramon'),(2041,'Rebekah Hart Franklin'),(2042,'Rebekah Lynn Dow'),(2043,'Reed DeLisle'),(2044,'Reese Grande'),(2045,'Reese Witherspoon'),(2046,'Reggie De Morton'),(2047,'Reggie Lee'),(2048,'Regina Hall'),(2049,'Regina King'),(2050,'Reginald Kennedy'),(2051,'Reid Doyle'),(2052,'Reid Miller'),(2053,'Reid Scott'),(2054,'Remiara Eve'),(2055,'Renée Zellweger'),(2056,'Rex Lee'),(2057,'Rey Deegan'),(2058,'Rhaechyl Walker'),(2059,'Rhea Seehorn'),(2060,'Rhonda Ayers'),(2061,'Rhyon Nicole Brown'),(2062,'Rhys Wakefield'),(2063,'Ric Maddox'),(2064,'Rich Twilling'),(2065,'Richard Blake'),(2066,'Richard Cabral'),(2067,'Richard Dreyfuss'),(2068,'Richard E. Grant'),(2069,'Richard Grieco'),(2070,'Richard Harmon'),(2071,'Richard Hatch'),(2072,'Richard Neil'),(2073,'Richard O. Ryan'),(2074,'Richard Riehle'),(2075,'Richard Thomas'),(2076,'Richard Tyson'),(2077,'Richie Merritt'),(2078,'Ricky Flowers Jr.'),(2079,'Rico Simonini'),(2080,'Riker Hill'),(2081,'Riley Geis'),(2082,'Riley Keough'),(2083,'RJ Cyler'),(2084,'Rob Benedict'),(2085,'Rob Estes'),(2086,'Rob Franco'),(2087,'Rob Jaeger'),(2088,'Rob Mayes'),(2089,'Rob Riggle'),(2090,'Rob Zabrecky'),(2091,'Robb Derringer'),(2092,'Robbie Barnes'),(2093,'Robbie Jones'),(2094,'Robbie Kay'),(2095,'Robert Allen Mukes'),(2096,'Robert Amstler'),(2097,'Robert Bronzi'),(2098,'Robert Downey Jr.'),(2099,'Robert Forster'),(2100,'Robert Morgan'),(2101,'Robert Pattinson'),(2102,'Robert Redford'),(2103,'Robert Ri\'chard'),(2104,'Robert Sheehan'),(2105,'Robin F. Baker'),(2106,'Robin Givens'),(2107,'Robin Riker'),(2108,'Robin Sydney'),(2109,'Robyn Elise'),(2110,'Rockmond Dunbar'),(2111,'Roger Bart'),(2112,'Roger Conners'),(2113,'Roland Uribe'),(2114,'Romany Malco'),(2115,'Romeo Miller'),(2116,'Romi Dames'),(2117,'Ron Canada'),(2118,'Ron Eldard'),(2119,'Ron Livingston'),(2120,'Ron Perlman'),(2121,'Ronn Moss'),(2122,'Rory Culkin'),(2123,'Rosanna Arquette'),(2124,'Rose Byrne'),(2125,'Rose McIver'),(2126,'Rosemarie DeWitt'),(2127,'Rosie Fellner'),(2128,'Rosine Young'),(2129,'Ross Fleming'),(2130,'Ross McCall'),(2131,'Roxane Mesquida'),(2132,'Ruan Martins'),(2133,'Ruby Lee Dove II'),(2134,'Russell Bailey'),(2135,'Russell Dennis Lewis'),(2136,'Russell Hornsby'),(2137,'Russell Peters'),(2138,'Ryan App'),(2139,'Ryan Barboza'),(2140,'Ryan Budds'),(2141,'Ryan Carnes'),(2142,'Ryan Darbonne'),(2143,'Ryan Donowho'),(2144,'Ryan Gosling'),(2145,'Ryan Guzman'),(2146,'Ryan Hallahan'),(2147,'Ryan Johnson'),(2148,'Ryan Kwanten'),(2149,'Ryan Merriman'),(2150,'Ryan Pinkston'),(2151,'Ryan Quinn Adams'),(2152,'Ryan Reynolds'),(2153,'Ryan Simpkins'),(2154,'Ryland Brickson Cole Tews'),(2155,'Sabina Gadecki'),(2156,'Sabrina Kern'),(2157,'Sadie Calvano'),(2158,'Sally Jessy Raphael'),(2159,'Sally McDonald'),(2160,'Sam Anderson'),(2161,'Sam Elliott'),(2162,'Sam Huntington'),(2163,'Sam J. Jones'),(2164,'Sam Palladio'),(2165,'Sam Schneider'),(2166,'Sam Strike'),(2167,'Sam Trammell'),(2168,'Sam Valentine'),(2169,'Samantha Mathis'),(2170,'Sami Gayle'),(2171,'Sammi Hanratty'),(2172,'Sammy Voit'),(2173,'Samuel D. Evans'),(2174,'Samuel Hunt'),(2175,'Sanae Loutsis'),(2176,'Sandra Bullock'),(2177,'Sandra Mae Frank'),(2178,'Santino Fontana'),(2179,'Sara Amini'),(2180,'Sara Catherine Bellamy'),(2181,'Sara Malakul Lane'),(2182,'Sara Meritt'),(2183,'Sarah Ball'),(2184,'Sarah Blades'),(2185,'Sarah Butler'),(2186,'Sarah Clarke'),(2187,'Sarah Davenport'),(2188,'Sarah Drew'),(2189,'Sarah Elizabeth Withers'),(2190,'Sarah French'),(2191,'Sarah Hay'),(2192,'Sarah Lind'),(2193,'Sarah Minnich'),(2194,'Sarah Mitchell'),(2195,'Sarah Silverman'),(2196,'Sarah Steele'),(2197,'Sarah Stiles'),(2198,'Sarah Taylor'),(2199,'Sarah Ulstrup'),(2200,'Sarah Vowell'),(2201,'Sarodj Bertin'),(2202,'Sasha Alexander'),(2203,'Sasha Feldman'),(2204,'Sasha Jackson'),(2205,'Sasha Pieterse'),(2206,'Sasheer Zamata'),(2207,'Savannah Welch'),(2208,'Schuyler Fisk'),(2209,'Scott Menville'),(2210,'Scott Rosenfeld'),(2211,'Scott T. Keller'),(2212,'Scott William Winters'),(2213,'Scout Taylor-Compton'),(2214,'Sean Carmichael'),(2215,'Sean Nateghi'),(2216,'Sean O\'Bryan'),(2217,'Sean Patrick Flanery'),(2218,'Seann William Scott'),(2219,'Sebastian Koch'),(2220,'Sebastian Maniscalco'),(2221,'Selena Gomez'),(2222,'Semi Anthony'),(2223,'Seychelle Gabriel'),(2224,'Shameik Moore'),(2225,'Shane Carruth'),(2226,'Shane Coffey'),(2227,'Shane Franklin'),(2228,'Shane Graham'),(2229,'Shane Samples'),(2230,'Shanley Caswell'),(2231,'Shannon Brown'),(2232,'Shannon Lark'),(2233,'Shannon Lucio'),(2234,'Shannon Purser'),(2235,'Shannyn Sossamon'),(2236,'Shanon Snedden'),(2237,'Shaquille O\'Neal'),(2238,'Shawn Christian'),(2239,'Shawn Hatosy'),(2240,'Shawn Michaels'),(2241,'Shawn Valentino'),(2242,'Shay Mitchell'),(2243,'Shazad Latif'),(2244,'Sheila Vand'),(2245,'Shelby Lyon'),(2246,'Shelley Hennig'),(2247,'Shellie Sterling'),(2248,'Shen Lin'),(2249,'Sherri Shepherd'),(2250,'Sheryl Lee'),(2251,'Shiek Mahmud-Bey'),(2252,'Shinelle Azoroh'),(2253,'Shohreh Aghdashloo'),(2254,'Sidney Allison'),(2255,'Siena Agudong'),(2256,'Sierra Aylina McClain'),(2257,'Sierra McCormick'),(2258,'Simon Baker'),(2259,'Simone Missick'),(2260,'Siohbon Chevy Ebrahimi'),(2261,'Sissy Spacek'),(2262,'Sitara Attaie'),(2263,'Skyh Alvester Black'),(2264,'Skyler Gisondo'),(2265,'Skyler Samuels'),(2266,'Sonny Carl Davis'),(2267,'Sonoya Mizuno'),(2268,'Sophia Mitri Schloss'),(2269,'Sophie Lowe'),(2270,'Sophie Skelton'),(2271,'Sophie Turner'),(2272,'Sosie Bacon'),(2273,'Spencer Grammer'),(2274,'Spencer Korcz'),(2275,'Stacey Danger'),(2276,'Stacey Maltin'),(2277,'Stacy Edwards'),(2278,'Stacy Martin'),(2279,'Stelio Savante'),(2280,'Stephan James'),(2281,'Stephanie Ceballos'),(2282,'Stephanie Koenig'),(2283,'Stephanie Marie Baggett'),(2284,'Stephanie Nogueras'),(2285,'Stephen Brodie'),(2286,'Stephen Conroy'),(2287,'Stephen Monroe Taylor'),(2288,'Stephen Moyer'),(2289,'Stephen Plunkett'),(2290,'Stephen Rannazzisi'),(2291,'Stephen Shane Martin'),(2292,'Stephen Tobolowsky'),(2293,'Stephen Twardokus'),(2294,'Steve Berg'),(2295,'Steve Buscemi'),(2296,'Steve Carell'),(2297,'Steve Coogan'),(2298,'Steve Danielsen'),(2299,'Steve Howey'),(2300,'Steve Lemme'),(2301,'Steve Richard Harris'),(2302,'Steven Hauck'),(2303,'Steven Luke'),(2304,'Steven Sean Garland'),(2305,'Steven Weber'),(2306,'Stony Blyden'),(2307,'Storm Reid'),(2308,'Stormi Maya'),(2309,'Stuart Brennan'),(2310,'Sue Schaffel'),(2311,'Sue Walsh'),(2312,'Suilma Rodriguez'),(2313,'Suki Waterhouse'),(2314,'Summer Spiro'),(2315,'Sunny Suljic'),(2316,'Susan Sarandon'),(2317,'Susan Slaughter'),(2318,'Susan Ziegler'),(2319,'Syd Wilder'),(2320,'Sydney Ray'),(2321,'Sydney Sweeney'),(2322,'Sylvester Stallone'),(2323,'Tadanobu Asano'),(2324,'Taika Waititi'),(2325,'Taissa Farmiga'),(2326,'Talia Shire'),(2327,'Tammin Sursok'),(2328,'Tammy Blanchard'),(2329,'Tanner Gillman'),(2330,'Tanner Stine'),(2331,'Tanya Anderson'),(2332,'Tao Okamoto'),(2333,'Tara Macken'),(2334,'Tara Reid'),(2335,'Tara Summers'),(2336,'Taraji P. Henson'),(2337,'Tarik Jackson'),(2338,'Taron Egerton'),(2339,'Tarra Riggs'),(2340,'Taso Mikroulis'),(2341,'Tate Donovan'),(2342,'Tate Ellington'),(2343,'Tatiana Maslany'),(2344,'Tatum Marilyn Hall'),(2345,'Tatyana Ali'),(2346,'Tawny Newsome'),(2347,'Taye Diggs'),(2348,'Taylor Clift'),(2349,'Taylor Gerard Hart'),(2350,'Taylor Girard'),(2351,'Taylor Russell'),(2352,'Taylor Schilling'),(2353,'Teddy Cole'),(2354,'Teddy Van Ee'),(2355,'Tekola Cornetet'),(2356,'Teo Celigo'),(2357,'Tequan Richmond'),(2358,'Teresa Navarro'),(2359,'Teri Reeves'),(2360,'Terri Czapleski'),(2361,'Terry King'),(2362,'Tessa Thompson'),(2363,'Teyana Taylor'),(2364,'Theo James'),(2365,'Thom Murray'),(2366,'Thomas Barlet'),(2367,'Thomas Haley'),(2368,'Thomas Kretschmann'),(2369,'Thomas Mann'),(2370,'Thomasin McKenzie'),(2371,'Thora Birch'),(2372,'Tia Carrere'),(2373,'Tia Link'),(2374,'Tiffani Brown'),(2375,'Tiffani Hilton'),(2376,'Tiffany Browne-Tavarez'),(2377,'Tiffany Haddish'),(2378,'Tiffany Montgomery'),(2379,'Tiffany Shepis'),(2380,'Tika Sumpter'),(2381,'Tim Blake Nelson'),(2382,'Tim Drier'),(2383,'Tim Flynn'),(2384,'Tim Roth'),(2385,'Timothy Davis'),(2386,'Timothy Olyphant'),(2387,'Tina Ivlev'),(2388,'Tina Mba'),(2389,'Tina Shuster'),(2390,'Tito Ortiz'),(2391,'Toby Kebbell'),(2392,'Todd A. Robinson'),(2393,'Todd Jenkins'),(2394,'Toddy Walters'),(2395,'Tom Berenger'),(2396,'Tom Bergeron'),(2397,'Tom Choi'),(2398,'Tom Cruise'),(2399,'Tom Everett Scott'),(2400,'Tom Kemnitz Jr.'),(2401,'Tom Konkle'),(2402,'Tom Neyman'),(2403,'Tom Nowicki'),(2404,'Tom Riley'),(2405,'Tom Sizemore'),(2406,'Tom Sweet'),(2407,'Tommy Flanagan'),(2408,'Tommy Wiseau'),(2409,'Tone Bell'),(2410,'Toni Collette'),(2411,'Tonia Sotiropoulou'),(2412,'Tony Revolori'),(2413,'Tony Schiena'),(2414,'Tony Shalhoub'),(2415,'Tony Todd'),(2416,'Tonya Kay'),(2417,'Topher Grace'),(2418,'Torrei Hart'),(2419,'Trace Adkins'),(2420,'Tracii Guns'),(2421,'Tracy Perez'),(2422,'Travis Delgado'),(2423,'Travis Johnny Ware'),(2424,'Travis Lincoln Cox'),(2425,'Trevante Rhodes'),(2426,'Trevor Donovan'),(2427,'Trevor Jackson'),(2428,'Trevor Long'),(2429,'Trevor Lyons'),(2430,'Trey Songz'),(2431,'Trista Robinson'),(2432,'Tristan Risk'),(2433,'Trust Arancio'),(2434,'Tucker Albrizzi'),(2435,'Turner Clay'),(2436,'Tye Sheridan'),(2437,'Tyler Bellmon'),(2438,'Tyler Christopher'),(2439,'Tyler Gallant'),(2440,'Tyler Hoechlin'),(2441,'Tyler Johnson'),(2442,'Tyler Labine'),(2443,'Tyler Mane'),(2444,'Tyler Posey'),(2445,'Tyler Ritter'),(2446,'Tyne Daly'),(2447,'Tyreese Burnett'),(2448,'Tyrone Evans Clark'),(2449,'Uma Thurman'),(2450,'Ursula Mills'),(2451,'Vail Bloom'),(2452,'Val Kilmer'),(2453,'Valene Kane'),(2454,'Valerie Bentson'),(2455,'Valerie Jane Parker'),(2456,'Valerie Mahaffey'),(2457,'Vaneh Assadourian'),(2458,'Vanessa Angel'),(2459,'Vanessa Deleon'),(2460,'Vanessa Grasse'),(2461,'Vanessa Hudgens'),(2462,'Vanessa Reynolds'),(2463,'Vanessa Williams'),(2464,'Vasile Flutur'),(2465,'Vera Farmiga'),(2466,'Vernon Wells'),(2467,'Veronica Blakney'),(2468,'Victoria Beaudoin'),(2469,'Victoria Clark'),(2470,'Victoria Mena'),(2471,'Vida Ghaffari'),(2472,'Viggo Mortensen'),(2473,'Vincent D\'Onofrio'),(2474,'Vincent Kartheiser'),(2475,'Vincent Lee Alston'),(2476,'Vincent Young'),(2477,'Vinessa Shaw'),(2478,'Ving Rhames'),(2479,'Violet Hicks'),(2480,'Violett Beane'),(2481,'Virginia Gardner'),(2482,'Virginia Kull'),(2483,'Virginia Madsen'),(2484,'Virginia Tucker'),(2485,'Vivian Bang'),(2486,'Vivica A. Fox'),(2487,'Von Bilka'),(2488,'Wade Everett'),(2489,'Warren Abbott'),(2490,'Wayne Fugate'),(2491,'Wen Yann Shih'),(2492,'Wendell Pierce'),(2493,'Wendi McLendon-Covey'),(2494,'Wendy Vanden Heuvel'),(2495,'Wes Ramsey'),(2496,'Weston Roberts'),(2497,'Wil Traval'),(2498,'Will Brill'),(2499,'Will Brittain'),(2500,'Will Ferrell'),(2501,'Will McFadden'),(2502,'Will Patton'),(2503,'Will Steckman'),(2504,'Willa Fitzgerald'),(2505,'Willem Dafoe'),(2506,'William Baldwin'),(2507,'William Beckwith'),(2508,'William Fichtner'),(2509,'William Hurt'),(2510,'William Jackson Harper'),(2511,'William Mark McCullough'),(2512,'William McNamara'),(2513,'William Moseley'),(2514,'William R. Moses'),(2515,'William Sadler'),(2516,'Willie Nelson'),(2517,'Willie Watson'),(2518,'Willow Shields'),(2519,'Willy Adkins'),(2520,'Winona Ryder'),(2521,'Woody Harrelson'),(2522,'Wyatt Kuether'),(2523,'Wyatt Russell'),(2524,'Xander Berkeley'),(2525,'Xavi Israel'),(2526,'Y\'lan Noel'),(2527,'Yael Grobglas'),(2528,'Yahya Abdul-Mateen II'),(2529,'Youlika Skafida'),(2530,'Yuji Okumoto'),(2531,'Yves Bright'),(2532,'Yvette Monreal'),(2533,'Yvette Nicole Brown'),(2534,'Zac Titus'),(2535,'Zach Dulin'),(2536,'Zach McGowan'),(2537,'Zachary Hart Baker'),(2538,'Zachary Mooren'),(2539,'Zachery Byrd'),(2540,'Zack Robidas'),(2541,'Zack Weiner'),(2542,'Zane Holtz'),(2543,'Zarah Mahler'),(2544,'Zazie Beetz'),(2545,'Zendaya'),(2546,'Zhu Zhu'),(2547,'Zia Anger'),(2548,'Zoë Bell'),(2549,'Zoe Renee'),(2550,'Zoey Deutch'),(2551,'Zulay Henao');
/*!40000 ALTER TABLE `actors` ENABLE KEYS */;
UNLOCK TABLES;

--
-- Table structure for table `actors_linking`
--

DROP TABLE IF EXISTS `actors_linking`;
/*!40101 SET @saved_cs_client     = @@character_set_client */;
/*!50503 SET character_set_client = utf8mb4 */;
CREATE TABLE `actors_linking` (
  `actors_linking_id` int NOT NULL,
  `actor_id` int NOT NULL,
  `film_id` varchar(45) NOT NULL,
  PRIMARY KEY (`actors_linking_id`),
  KEY `film_id_idx` (`film_id`),
  KEY `actor_id_idx` (`actor_id`),
  CONSTRAINT `actorslinking_actor_id` FOREIGN KEY (`actor_id`) REFERENCES `actors` (`actor_id`),
  CONSTRAINT `actorslinking_film_id` FOREIGN KEY (`film_id`) REFERENCES `films` (`film_id`)
) ENGINE=InnoDB DEFAULT CHARSET=utf8;
/*!40101 SET character_set_client = @saved_cs_client */;

--
-- Dumping data for table `actors_linking`
--

LOCK TABLES `actors_linking` WRITE;
/*!40000 ALTER TABLE `actors_linking` DISABLE KEYS */;
INSERT INTO `actors_linking` VALUES (1,1,'tt6570372'),(2,2,'tt3616934'),(3,3,'tt8288836'),(4,4,'tt0360556'),(5,5,'tt6621408'),(6,6,'tt4730224'),(7,7,'tt5974780'),(8,8,'tt6450662'),(9,9,'tt2226440'),(10,10,'tt3444206'),(11,11,'tt0427543'),(12,12,'tt6852872'),(13,12,'tt5716280'),(14,13,'tt8025310'),(15,14,'tt6142496'),(16,15,'tt7335892'),(17,15,'tt8165246'),(18,16,'tt7562932'),(19,17,'tt4103724'),(20,18,'tt9248032'),(21,19,'tt6876788'),(22,20,'tt7314118'),(23,20,'tt8018008'),(24,21,'tt6205872'),(25,22,'tt4981292'),(26,23,'tt7246786'),(27,24,'tt5702446'),(28,25,'tt7087210'),(29,26,'tt7625712'),(30,27,'tt5221360'),(31,28,'tt3317234'),(32,28,'tt5783956'),(33,29,'tt7297336'),(34,30,'tt6902722'),(35,31,'tt6710826'),(36,32,'tt6285672'),(37,33,'tt6857040'),(38,34,'tt5690992'),(39,35,'tt6566830'),(40,35,'tt7365604'),(41,36,'tt6753132'),(42,37,'tt5220122'),(43,37,'tt6821012'),(44,38,'tt5566778'),(45,39,'tt7282278'),(46,40,'tt6621408'),(47,41,'tt6652708'),(48,42,'tt7374952'),(49,43,'tt8688048'),(50,44,'tt4180556'),(51,45,'tt6051424'),(52,46,'tt3373410'),(53,47,'tt8358682'),(54,48,'tt5013782'),(56,50,'tt7558166'),(57,51,'tt6469548'),(58,52,'tt7543918'),(59,53,'tt1884378'),(60,54,'tt6953974'),(61,55,'tt5208950'),(62,56,'tt7772580'),(63,57,'tt6953974'),(64,58,'tt6495388'),(65,59,'tt3778644'),(66,60,'tt3920820'),(67,61,'tt7349662'),(68,61,'tt3294746'),(69,62,'tt7959500'),(70,63,'tt7178102'),(71,64,'tt6423998'),(72,65,'tt6802308'),(73,66,'tt6269434'),(74,67,'tt5936492'),(75,68,'tt10515340'),(76,69,'tt3277446'),(77,70,'tt5709188'),(78,71,'tt8179218'),(79,72,'tt5709188'),(80,73,'tt4103724'),(81,74,'tt6185692'),(82,75,'tt6290798'),(83,76,'tt8633296'),(84,77,'tt7784604'),(85,77,'tt6923740'),(86,78,'tt7543918'),(87,79,'tt8484038'),(88,80,'tt7784788'),(89,81,'tt3329456'),(90,82,'tt8548792'),(91,83,'tt5396646'),(92,84,'tt4791276'),(93,85,'tt8671462'),(94,86,'tt7214028'),(95,87,'tt5224356'),(96,88,'tt5952138'),(97,88,'tt5783956'),(98,89,'tt7319064'),(99,90,'tt6384998'),(100,91,'tt3458510'),(101,92,'tt3444206'),(102,93,'tt9143166'),(103,94,'tt7044076'),(104,95,'tt5974780'),(105,96,'tt7014234'),(106,97,'tt6958014'),(107,97,'tt6443294'),(108,98,'tt8709036'),(109,99,'tt7052108'),(110,100,'tt8183570'),(111,101,'tt6953526'),(112,102,'tt2139869'),(113,103,'tt9248032'),(114,104,'tt6788904'),(115,105,'tt6905442'),(116,106,'tt6495094'),(117,107,'tt8362964'),(118,108,'tt1690967'),(119,109,'tt7125498'),(120,110,'tt8555260'),(121,111,'tt6268882'),(122,112,'tt7772580'),(123,113,'tt7091300'),(124,114,'tt7317324'),(125,115,'tt8998472'),(126,116,'tt6628386'),(127,117,'tt1843303'),(128,118,'tt5634556'),(129,119,'tt7819394'),(130,120,'tt4073790'),(131,120,'tt5580266'),(132,121,'tt7319064'),(133,122,'tt1477834'),(134,123,'tt6953974'),(135,124,'tt3201640'),(136,125,'tt8237340'),(137,126,'tt4347994'),(138,127,'tt6266538'),(139,128,'tt1999890'),(140,129,'tt5176580'),(141,130,'tt6172666'),(142,130,'tt5471472'),(143,131,'tt7543072'),(144,132,'tt2762662'),(145,132,'tt4287234'),(146,133,'tt3317234'),(147,134,'tt1502407'),(148,135,'tt6692926'),(149,136,'tt7952920'),(150,137,'tt8459444'),(151,138,'tt3895908'),(152,139,'tt6509058'),(153,139,'tt5314450'),(154,140,'tt7284204'),(155,141,'tt6231398'),(156,142,'tt5691670'),(157,143,'tt7084614'),(158,144,'tt5688868'),(159,145,'tt3334418'),(160,146,'tt8760550'),(161,147,'tt6271806'),(162,148,'tt6023386'),(163,149,'tt5220122'),(164,150,'tt4782322'),(165,151,'tt7709804'),(166,152,'tt6269434'),(167,153,'tt5664222'),(168,154,'tt7284202'),(169,155,'tt6504538'),(170,156,'tt7930006'),(171,157,'tt6146590'),(172,158,'tt5726086'),(173,159,'tt6509058'),(174,160,'tt6106980'),(175,161,'tt7134690'),(176,162,'tt1563742'),(177,163,'tt6547044'),(178,164,'tt8237340'),(179,165,'tt6613952'),(180,166,'tt6446550'),(181,167,'tt8703882'),(182,168,'tt5974780'),(183,169,'tt3759912'),(184,169,'tt6456222'),(185,170,'tt5673714'),(186,171,'tt3339376'),(187,172,'tt4682136'),(188,172,'tt5989218'),(189,173,'tt5566790'),(190,174,'tt5179598'),(191,174,'tt5639446'),(192,175,'tt5936582'),(193,176,'tt4202970'),(194,177,'tt6354056'),(195,178,'tt6341668'),(196,179,'tt7689906'),(197,180,'tt6802308'),(199,182,'tt6851966'),(200,183,'tt5160614'),(201,184,'tt7335892'),(202,184,'tt7430654'),(203,185,'tt5884434'),(204,186,'tt5936582'),(205,187,'tt2530316'),(206,188,'tt8113950'),(207,189,'tt4630466'),(208,190,'tt2098669'),(209,191,'tt3759912'),(210,192,'tt4374864'),(211,193,'tt8235966'),(212,194,'tt3451984'),(213,195,'tt7491968'),(214,196,'tt5936492'),(215,197,'tt6675400'),(216,197,'tt4594836'),(217,198,'tt7830428'),(218,199,'tt4669788'),(219,200,'tt6986606'),(220,201,'tt5702446'),(221,202,'tt5372620'),(222,203,'tt6473622'),(223,204,'tt4859168'),(224,204,'tt6769280'),(225,205,'tt8890230'),(226,206,'tt6974888'),(227,207,'tt7350614'),(228,208,'tt6853910'),(229,209,'tt10411954'),(230,210,'tt6093618'),(231,211,'tt6450662'),(232,212,'tt8021048'),(233,213,'tt8426594'),(234,214,'tt9459550'),(235,215,'tt4202970'),(236,216,'tt3766354'),(237,217,'tt6952960'),(238,218,'tt4057146'),(239,219,'tt6241678'),(240,220,'tt7553766'),(241,220,'tt6498220'),(242,221,'tt3107166'),(243,222,'tt6539470'),(244,223,'tt1843303'),(245,224,'tt5031658'),(246,225,'tt6162762'),(247,225,'tt7235038'),(248,226,'tt3769038'),(249,227,'tt8233184'),(250,228,'tt5634556'),(251,229,'tt4872260'),(252,230,'tt4268054'),(253,231,'tt7014234'),(254,232,'tt1884378'),(255,233,'tt5145662'),(256,234,'tt3685490'),(257,235,'tt4087816'),(258,236,'tt8177638'),(259,237,'tt5608000'),(260,238,'tt8657468'),(261,239,'tt5909334'),(262,240,'tt5453522'),(263,241,'tt6953526'),(264,242,'tt1285009'),(265,243,'tt6398496'),(266,244,'tt7975674'),(267,245,'tt9334162'),(268,246,'tt7178102'),(269,247,'tt3526622'),(270,248,'tt8328612'),(271,249,'tt3766382'),(272,250,'tt4465538'),(273,251,'tt3027994'),(274,252,'tt5057140'),(275,253,'tt5709188'),(276,254,'tt7625712'),(277,255,'tt5085924'),(278,255,'tt4537896'),(279,256,'tt6074834'),(280,257,'tt6411954'),(281,258,'tt2160105'),(282,258,'tt4799066'),(283,258,'tt6237268'),(284,259,'tt6443294'),(285,260,'tt2315596'),(286,260,'tt3892172'),(287,261,'tt7973916'),(288,262,'tt3714492'),(289,263,'tt5208252'),(290,264,'tt8709036'),(291,265,'tt6485928'),(292,265,'tt1677720'),(293,265,'tt4532826'),(294,266,'tt4764490'),(295,267,'tt6423886'),(296,267,'tt5718046'),(297,268,'tt4981292'),(298,269,'tt7049542'),(299,270,'tt5028340'),(300,271,'tt5052474'),(301,272,'tt5645932'),(302,273,'tt4631048'),(303,274,'tt4761916'),(304,275,'tt6748030'),(305,276,'tt3565066'),(306,277,'tt4685940'),(307,278,'tt4312842'),(308,278,'tt5300736'),(309,278,'tt2482856'),(310,278,'tt3079568'),(311,279,'tt6628386'),(312,280,'tt6231784'),(313,281,'tt0427543'),(314,282,'tt6421110'),(315,283,'tt7137846'),(316,284,'tt5503472'),(317,285,'tt7014430'),(318,286,'tt4779682'),(319,287,'tt7304194'),(320,288,'tt7316576'),(321,289,'tt6236662'),(322,290,'tt3317234'),(323,291,'tt7356166'),(324,292,'tt6141334'),(325,293,'tt8165246'),(326,294,'tt7158430'),(327,295,'tt1971310'),(328,295,'tt3396114'),(329,296,'tt4738776'),(330,297,'tt6250792'),(331,298,'tt8354006'),(332,298,'tt7339792'),(333,299,'tt7297336'),(334,300,'tt6842126'),(335,301,'tt6197494'),(336,302,'tt5031388'),(337,303,'tt4387314'),(338,304,'tt5664222'),(339,305,'tt3829266'),(340,306,'tt4229864'),(341,307,'tt5085924'),(342,308,'tt8515802'),(343,309,'tt8581198'),(344,310,'tt1517451'),(345,311,'tt6499694'),(346,312,'tt4073790'),(347,313,'tt6169934'),(348,314,'tt5181834'),(349,315,'tt3923004'),(350,316,'tt8420952'),(351,317,'tt7052108'),(352,318,'tt3764198'),(353,319,'tt6556576'),(354,320,'tt4113346'),(355,321,'tt6862864'),(356,322,'tt7091300'),(357,323,'tt7900528'),(358,324,'tt9149982'),(359,325,'tt8084572'),(360,326,'tt5688996'),(361,327,'tt6521776'),(362,328,'tt2651724'),(363,329,'tt1922544'),(364,330,'tt4836580'),(365,331,'tt8021048'),(366,332,'tt6251024'),(367,333,'tt6702308'),(368,334,'tt10207850'),(369,335,'tt6986606'),(370,336,'tt8046636'),(371,337,'tt3418064'),(372,338,'tt5589362'),(373,339,'tt5459382'),(374,340,'tt1922544'),(375,341,'tt3764198'),(376,342,'tt5304996'),(377,343,'tt8686074'),(378,344,'tt8324462'),(379,345,'tt7241800'),(380,346,'tt5896568'),(381,347,'tt7708146'),(382,348,'tt7776050'),(383,349,'tt7068878'),(384,349,'tt3396114'),(385,350,'tt6169934'),(386,350,'tt8363908'),(387,351,'tt7293920'),(388,352,'tt6237314'),(389,353,'tt6772946'),(390,354,'tt6226212'),(391,355,'tt1662546'),(392,356,'tt8177638'),(393,357,'tt8021048'),(394,358,'tt8998472'),(395,359,'tt2243900'),(396,360,'tt7542576'),(397,361,'tt5322168'),(398,362,'tt4264610'),(399,363,'tt8833552'),(400,364,'tt4985906'),(401,364,'tt3619070'),(402,365,'tt9369332'),(403,366,'tt7167630'),(404,367,'tt1137450'),(405,368,'tt7088028'),(406,369,'tt5630752'),(407,370,'tt5987042'),(408,371,'tt4881806'),(409,372,'tt7021508'),(410,373,'tt7558548'),(411,374,'tt7365740'),(412,375,'tt5936582'),(413,376,'tt5076150'),(414,377,'tt5604902'),(415,377,'tt4264610'),(416,377,'tt7068878'),(417,378,'tt8305690'),(418,379,'tt6466058'),(419,380,'tt8493776'),(420,381,'tt7913934'),(421,382,'tt5963066'),(423,384,'tt8426594'),(424,385,'tt3496790'),(425,386,'tt7304212'),(426,387,'tt5716280'),(427,387,'tt5342090'),(428,388,'tt6841812'),(429,389,'tt3289080'),(430,390,'tt7642326'),(431,391,'tt4518962'),(432,392,'tt7600294'),(433,393,'tt7690016'),(434,394,'tt4602554'),(435,395,'tt6146590'),(436,396,'tt6857166'),(437,397,'tt7942742'),(439,399,'tt5278886'),(440,400,'tt8362964'),(441,401,'tt6852872'),(442,402,'tt7126776'),(443,403,'tt3113836'),(444,403,'tt6324892'),(445,404,'tt5903358'),(446,405,'tt7375304'),(447,406,'tt5431946'),(448,407,'tt8844888'),(449,408,'tt2651724'),(450,409,'tt5468130'),(451,410,'tt4933914'),(452,411,'tt4729642'),(453,412,'tt9274824'),(454,412,'tt6182078'),(455,413,'tt5950092'),(456,414,'tt7316576'),(457,415,'tt6652708'),(458,416,'tt7830428'),(459,417,'tt5518358'),(460,418,'tt2837574'),(461,419,'tt5688868'),(462,420,'tt5069110'),(463,421,'tt7712746'),(464,421,'tt5040202'),(465,421,'tt4520518'),(466,422,'tt6241270'),(467,423,'tt7218564'),(468,424,'tt6966044'),(469,425,'tt2119543'),(470,426,'tt7282278'),(471,427,'tt6118340'),(472,428,'tt6000570'),(473,429,'tt8064262'),(474,430,'tt7165212'),(475,431,'tt7959026'),(476,432,'tt5829032'),(477,433,'tt1825683'),(478,434,'tt4411234'),(479,435,'tt6182908'),(480,436,'tt7688638'),(481,437,'tt3769038'),(482,438,'tt4694366'),(483,439,'tt5779372'),(484,440,'tt5926990'),(485,441,'tt3309874'),(486,441,'tt4123650'),(487,442,'tt6170202'),(488,443,'tt5258128'),(489,443,'tt6269368'),(490,444,'tt6443294'),(491,445,'tt5936492'),(492,446,'tt6485928'),(493,447,'tt5610554'),(494,448,'tt6142496'),(495,449,'tt7542576'),(496,450,'tt4444732'),(497,451,'tt9021374'),(498,452,'tt3142428'),(499,453,'tt8593930'),(500,454,'tt6141334'),(501,455,'tt6645236'),(502,456,'tt6984258'),(503,457,'tt3240102'),(504,458,'tt4788744'),(505,459,'tt6613952'),(506,460,'tt5246902'),(507,461,'tt6851966'),(508,462,'tt1690967'),(509,463,'tt7819394'),(510,464,'tt5893906'),(511,465,'tt6257174'),(512,466,'tt4738776'),(513,467,'tt6598072'),(514,468,'tt5160938'),(515,469,'tt5226192'),(516,470,'tt8879926'),(517,471,'tt5037684'),(518,472,'tt6701492'),(519,473,'tt7315526'),(520,474,'tt7167630'),(521,475,'tt7562932'),(522,476,'tt3503068'),(523,477,'tt1413492'),(524,477,'tt4154756'),(525,478,'tt5841344'),(526,479,'tt7134690'),(527,480,'tt3779414'),(528,481,'tt5304996'),(529,482,'tt8235296'),(530,483,'tt6241270'),(531,484,'tt6802950'),(532,485,'tt5607096'),(533,486,'tt6495770'),(534,487,'tt4881806'),(535,488,'tt6821012'),(536,489,'tt5095830'),(537,490,'tt5987042'),(538,491,'tt7704392'),(539,492,'tt6266538'),(540,493,'tt5037684'),(541,494,'tt6958520'),(542,495,'tt7317324'),(543,495,'tt1285009'),(544,496,'tt8235966'),(545,497,'tt5700182'),(546,498,'tt5691084'),(547,499,'tt5989336'),(548,500,'tt3309874'),(549,501,'tt7826276'),(550,502,'tt4538294'),(551,503,'tt6796028'),(552,504,'tt7248518'),(553,504,'tt6000570'),(554,505,'tt6516314'),(555,505,'tt6729000'),(556,506,'tt2315596'),(557,507,'tt4113346'),(558,508,'tt8879666'),(559,509,'tt2606314'),(560,510,'tt4872260'),(561,511,'tt5963066'),(562,512,'tt5834362'),(563,513,'tt3588588'),(564,514,'tt8236566'),(565,515,'tt3616934'),(566,516,'tt6469548'),(567,517,'tt5867226'),(568,518,'tt8634348'),(569,519,'tt3809960'),(570,520,'tt6852872'),(571,521,'tt7430654'),(572,522,'tt0360556'),(573,523,'tt5841344'),(574,524,'tt6884200'),(575,525,'tt1213641'),(576,525,'tt7153766'),(577,526,'tt6412452'),(578,527,'tt3565066'),(579,528,'tt5367690'),(580,529,'tt3665498'),(581,530,'tt4369136'),(582,531,'tt7948854'),(583,532,'tt8210516'),(584,533,'tt0859635'),(585,534,'tt7520980'),(586,534,'tt6170202'),(587,535,'tt7959026'),(588,536,'tt2482856'),(589,537,'tt5335244'),(590,538,'tt7246786'),(591,539,'tt6466058'),(592,540,'tt6064520'),(593,541,'tt4712618'),(594,542,'tt4908174'),(595,543,'tt3563342'),(596,544,'tt7895904'),(597,545,'tt6013156'),(598,546,'tt4761916'),(599,547,'tt2377752'),(600,548,'tt2924392'),(601,549,'tt6061074'),(602,550,'tt5431284'),(603,550,'tt4015500'),(604,551,'tt5160614'),(605,552,'tt5431946'),(606,553,'tt5223878'),(607,554,'tt6485928'),(608,555,'tt6702308'),(609,556,'tt8657468'),(610,557,'tt5874752'),(611,558,'tt4768586'),(612,559,'tt5273720'),(613,559,'tt3104988'),(614,560,'tt6469548'),(615,561,'tt5223878'),(616,561,'tt8358682'),(617,562,'tt4360924'),(618,563,'tt4682136'),(619,564,'tt6236780'),(620,565,'tt7558548'),(621,566,'tt9058902'),(622,567,'tt7308310'),(623,568,'tt6933206'),(624,569,'tt6411590'),(625,570,'tt1662546'),(626,571,'tt3486210'),(627,572,'tt6156656'),(628,573,'tt7545524'),(629,574,'tt6222286'),(630,575,'tt3908826'),(631,575,'tt5829032'),(632,576,'tt6182078'),(633,577,'tt8305692'),(634,578,'tt6649792'),(635,579,'tt1773753'),(636,580,'tt8210516'),(637,581,'tt3606756'),(638,582,'tt6051424'),(639,583,'tt5952138'),(640,584,'tt6063050'),(641,585,'tt3767278'),(642,586,'tt3070506'),(643,587,'tt6499694'),(644,588,'tt8634348'),(645,589,'tt1999890'),(646,590,'tt7385812'),(647,591,'tt6628394'),(648,592,'tt6446550'),(649,593,'tt4682780'),(650,594,'tt4477536'),(651,594,'tt6628394'),(652,595,'tt7543072'),(653,596,'tt8883524'),(654,597,'tt5950092'),(655,598,'tt8928500'),(656,599,'tt4631048'),(657,600,'tt7642326'),(658,601,'tt8554826'),(659,602,'tt6149464'),(660,603,'tt7942742'),(661,604,'tt6068406'),(662,605,'tt6241390'),(663,606,'tt6140580'),(664,607,'tt7886442'),(665,608,'tt2548396'),(666,609,'tt8332808'),(667,610,'tt8177638'),(668,611,'tt7525778'),(669,611,'tt5688996'),(670,612,'tt8679574'),(671,613,'tt6043142'),(672,614,'tt7642326'),(673,615,'tt7381444'),(674,616,'tt6170506'),(675,617,'tt7319064'),(676,618,'tt7170950'),(677,619,'tt8581198'),(678,620,'tt9038976'),(679,621,'tt5829032'),(680,622,'tt4878482'),(681,622,'tt6043142'),(682,623,'tt4168280'),(683,624,'tt6068554'),(684,625,'tt5673714'),(685,626,'tt2140629'),(686,626,'tt4762824'),(687,627,'tt2490148'),(688,627,'tt7039000'),(689,627,'tt5741008'),(690,628,'tt5367690'),(691,629,'tt1937340'),(692,630,'tt5960386'),(693,631,'tt4779344'),(694,632,'tt7355708'),(695,632,'tt6924682'),(696,633,'tt7475832'),(697,634,'tt6142496'),(698,635,'tt1977094'),(699,636,'tt7242142'),(700,637,'tt6224502'),(701,638,'tt7317324'),(702,639,'tt5987042'),(703,640,'tt6905442'),(704,640,'tt5670364'),(705,641,'tt6529772'),(706,642,'tt8041922'),(707,643,'tt4180556'),(708,644,'tt5740852'),(709,644,'tt7952920'),(710,645,'tt4712076'),(711,646,'tt6933454'),(712,647,'tt5740852'),(713,648,'tt6140148'),(714,649,'tt3503068'),(715,650,'tt2548396'),(716,651,'tt7084614'),(717,652,'tt7256866'),(718,652,'tt5113250'),(719,653,'tt6418778'),(720,654,'tt3203528'),(721,655,'tt1458902'),(722,656,'tt5881528'),(723,657,'tt5139926'),(724,658,'tt8363908'),(725,659,'tt5361596'),(727,660,'tt6450662'),(728,661,'tt9369332'),(729,662,'tt4123650'),(730,662,'tt4729642'),(731,663,'tt6231398'),(732,664,'tt5691670'),(733,665,'tt7558166'),(734,666,'tt6328004'),(735,667,'tt7545566'),(736,668,'tt6628386'),(737,669,'tt10515340'),(738,670,'tt5164214'),(739,671,'tt3496790'),(740,672,'tt6197494'),(741,673,'tt5814060'),(742,674,'tt6446550'),(743,675,'tt7052108'),(744,676,'tt8923800'),(745,677,'tt6053472'),(746,677,'tt7153134'),(747,677,'tt7218564'),(748,678,'tt6423998'),(749,679,'tt7385832'),(750,680,'tt6841812'),(751,681,'tt5050328'),(752,682,'tt6450186'),(753,682,'tt6017942'),(754,683,'tt3766354'),(755,684,'tt7281994'),(756,685,'tt2160105'),(757,686,'tt5691084'),(758,687,'tt4738912'),(759,688,'tt1458902'),(760,689,'tt8111130'),(761,690,'tt3543918'),(762,691,'tt6368508'),(763,692,'tt7315526'),(764,693,'tt5056154'),(765,694,'tt6857166'),(766,695,'tt5896568'),(767,696,'tt8861786'),(768,697,'tt8165246'),(769,698,'tt6987770'),(770,699,'tt4595882'),(771,700,'tt5117670'),(772,701,'tt5630752'),(773,702,'tt7184124'),(774,703,'tt2936390'),(775,703,'tt6236780'),(776,703,'tt8760550'),(777,703,'tt7153134'),(778,704,'tt6910380'),(779,705,'tt4694546'),(780,706,'tt8018008'),(781,706,'tt7314118'),(782,707,'tt2670882'),(783,708,'tt4738912'),(784,709,'tt5278886'),(785,709,'tt1885325'),(786,710,'tt6987760'),(787,711,'tt6692926'),(788,712,'tt4685806'),(789,713,'tt8783146'),(790,714,'tt5886388'),(791,715,'tt6109874'),(792,716,'tt5690992'),(793,717,'tt8417466'),(794,718,'tt6328004'),(795,719,'tt6853910'),(796,720,'tt7239700'),(797,721,'tt8633296'),(798,722,'tt2231461'),(799,723,'tt6859352'),(800,724,'tt6269368'),(801,724,'tt4682780'),(802,725,'tt4500922'),(803,726,'tt7755856'),(804,727,'tt5829104'),(805,728,'tt4764490'),(806,729,'tt2619512'),(807,730,'tt6644632'),(808,731,'tt2854926'),(810,733,'tt4357394'),(811,734,'tt8890230'),(812,735,'tt5031388'),(813,736,'tt8064262'),(814,737,'tt5267472'),(815,738,'tt5291792'),(816,739,'tt3107166'),(817,740,'tt6767852'),(818,741,'tt8305690'),(819,742,'tt6071092'),(820,743,'tt2233979'),(821,744,'tt3692082'),(822,745,'tt6064520'),(823,746,'tt6342110'),(824,747,'tt6495770'),(825,748,'tt6068554'),(826,749,'tt7165212'),(827,750,'tt6884380'),(828,751,'tt7942742'),(829,752,'tt1137450'),(830,753,'tt5056842'),(831,754,'tt8976608'),(832,755,'tt6644632'),(833,756,'tt3068544'),(834,757,'tt7553766'),(835,758,'tt1308728'),(836,759,'tt6495388'),(837,760,'tt7164084'),(838,761,'tt4630466'),(839,762,'tt6498220'),(840,763,'tt5232294'),(841,764,'tt5539924'),(842,765,'tt6290798'),(843,766,'tt7973916'),(844,767,'tt7246786'),(845,768,'tt4286760'),(846,769,'tt8178992'),(847,769,'tt5372620'),(848,769,'tt3339376'),(849,770,'tt8657468'),(850,771,'tt5056842'),(851,772,'tt3486210'),(852,773,'tt7014006'),(853,774,'tt3968088'),(854,775,'tt6061074'),(855,776,'tt6942194'),(856,777,'tt6933206'),(857,778,'tt6767852'),(858,779,'tt3294746'),(859,780,'tt5322168'),(860,781,'tt7422552'),(861,782,'tt6644200'),(862,782,'tt5028340'),(863,783,'tt5963314'),(864,784,'tt8581198'),(865,785,'tt5645932'),(866,786,'tt6411954'),(867,787,'tt6588064'),(868,788,'tt3263946'),(869,789,'tt7917484'),(870,790,'tt7945822'),(871,791,'tt5034122'),(872,792,'tt7014006'),(873,793,'tt8515802'),(874,794,'tt9021374'),(875,795,'tt6521776'),(876,796,'tt6226212'),(877,797,'tt4694366'),(878,798,'tt5903358'),(879,799,'tt6433106'),(880,800,'tt1884378'),(881,800,'tt6964844'),(882,801,'tt5837976'),(883,802,'tt4788744'),(884,803,'tt5700182'),(885,804,'tt7656570'),(886,805,'tt6164854'),(887,806,'tt4477536'),(888,807,'tt7126776'),(889,808,'tt8783146'),(890,809,'tt3068544'),(891,809,'tt4369136'),(892,809,'tt4839118'),(893,810,'tt7007846'),(894,811,'tt4694546'),(895,812,'tt7491968'),(896,813,'tt6748030'),(897,814,'tt4454834'),(898,815,'tt7281994'),(899,816,'tt6850766'),(900,817,'tt5963066'),(901,818,'tt3329456'),(902,819,'tt2690634'),(903,820,'tt6268734'),(904,821,'tt5431946'),(905,822,'tt5427194'),(906,823,'tt5834362'),(907,824,'tt6424188'),(908,825,'tt3127016'),(909,826,'tt6071092'),(910,827,'tt6705860'),(911,828,'tt7912678'),(912,829,'tt8305690'),(913,830,'tt7355708'),(914,831,'tt1563742'),(915,832,'tt1563742'),(916,833,'tt8833552'),(917,834,'tt3201736'),(918,835,'tt9341628'),(919,836,'tt7177250'),(920,837,'tt7681824'),(921,838,'tt5095030'),(922,839,'tt5300736'),(923,840,'tt7169100'),(924,841,'tt6450428'),(925,842,'tt7007846'),(926,843,'tt6131450'),(927,843,'tt3767278'),(928,844,'tt5117670'),(929,845,'tt4669788'),(930,846,'tt8113950'),(931,846,'tt6922804'),(932,847,'tt6986606'),(933,848,'tt6241678'),(934,848,'tt7917484'),(935,849,'tt5314450'),(936,850,'tt8998472'),(937,851,'tt7191910'),(938,852,'tt5566790'),(939,853,'tt8318702'),(940,854,'tt7578566'),(941,855,'tt6141334'),(942,856,'tt4730224'),(943,857,'tt8548792'),(944,858,'tt5226192'),(945,859,'tt5300736'),(946,860,'tt2098669'),(947,861,'tt4968782'),(948,862,'tt7553766'),(949,863,'tt7381444'),(950,863,'tt7784604'),(951,864,'tt9143166'),(952,865,'tt5536610'),(953,866,'tt7137846'),(954,867,'tt6952960'),(955,868,'tt5848272'),(956,869,'tt5165620'),(957,870,'tt3895908'),(958,871,'tt4779344'),(959,872,'tt5223878'),(960,873,'tt5314450'),(961,874,'tt6222286'),(962,875,'tt6156656'),(963,876,'tt4357394'),(964,877,'tt7440524'),(965,878,'tt4312842'),(966,879,'tt2069797'),(967,879,'tt6341668'),(968,880,'tt5850176'),(969,881,'tt8288836'),(970,882,'tt8009578'),(971,883,'tt5539924'),(972,884,'tt2606314'),(973,885,'tt5843780'),(974,886,'tt7169100'),(975,887,'tt4372084'),(976,888,'tt7525778'),(977,889,'tt1259528'),(978,890,'tt1690967'),(979,891,'tt7227412'),(980,892,'tt2987806'),(981,893,'tt7117594'),(982,894,'tt8484038'),(983,895,'tt7625712'),(984,896,'tt3685490'),(985,897,'tt6290798'),(986,898,'tt3685236'),(987,899,'tt6688022'),(988,899,'tt3956336'),(989,900,'tt5634556'),(990,901,'tt3127016'),(991,902,'tt7293920'),(992,903,'tt2690634'),(993,903,'tt5304992'),(994,904,'tt4682136'),(995,905,'tt6170506'),(996,906,'tt7214028'),(997,907,'tt6165936'),(998,908,'tt7248518'),(999,909,'tt7091300'),(1000,910,'tt6598072'),(1001,911,'tt4643048'),(1002,912,'tt7424200'),(1003,912,'tt8050266'),(1004,913,'tt1843303'),(1005,914,'tt6151048'),(1006,915,'tt3920820'),(1007,916,'tt7694738'),(1008,917,'tt4347994'),(1009,918,'tt3968088'),(1010,919,'tt5224356'),(1011,920,'tt5734576'),(1012,921,'tt7578566'),(1013,922,'tt5164214'),(1014,923,'tt3131050'),(1015,924,'tt7919372'),(1016,925,'tt6418778'),(1017,925,'tt6119856'),(1018,925,'tt2548396'),(1019,926,'tt6539470'),(1020,927,'tt5113250'),(1021,928,'tt5468130'),(1022,929,'tt3685236'),(1023,930,'tt4633694'),(1024,931,'tt6933206'),(1025,932,'tt6208950'),(1026,933,'tt5891150'),(1027,934,'tt6859352'),(1028,935,'tt5040202'),(1029,936,'tt5848986'),(1030,937,'tt5580392'),(1031,938,'tt8459444'),(1032,939,'tt7950334'),(1033,940,'tt5320124'),(1034,941,'tt7755856'),(1035,941,'tt4286760'),(1036,942,'tt1759744'),(1037,943,'tt8236588'),(1038,944,'tt7164084'),(1039,945,'tt3373410'),(1040,946,'tt6231398'),(1041,947,'tt3960240'),(1042,948,'tt9334162'),(1043,949,'tt5963314'),(1044,950,'tt5874752'),(1045,951,'tt7014234'),(1046,952,'tt6051096'),(1047,953,'tt6368508'),(1048,954,'tt8142044'),(1049,955,'tt5427194'),(1050,956,'tt6101602'),(1051,957,'tt7708146'),(1052,957,'tt8784388'),(1053,958,'tt6169934'),(1054,959,'tt4912910'),(1055,960,'tt3104988'),(1056,961,'tt1571234'),(1057,962,'tt6610158'),(1058,963,'tt6095486'),(1059,964,'tt6662736'),(1060,965,'tt5779372'),(1061,966,'tt7900528'),(1062,967,'tt8328612'),(1063,968,'tt6641528'),(1064,969,'tt4700872'),(1065,970,'tt3606756'),(1066,971,'tt4580550'),(1067,972,'tt1977094'),(1068,973,'tt3240102'),(1069,974,'tt6328242'),(1070,975,'tt6456222'),(1071,976,'tt1571234'),(1072,977,'tt4959440'),(1073,978,'tt5076150'),(1074,979,'tt6902722'),(1075,980,'tt5610950'),(1076,981,'tt7461200'),(1077,981,'tt2531344'),(1078,982,'tt4560436'),(1079,983,'tt5342090'),(1080,984,'tt4638148'),(1081,985,'tt5834760'),(1082,985,'tt3220900'),(1083,986,'tt1458902'),(1084,987,'tt6933454'),(1085,988,'tt4524418'),(1086,989,'tt7350614'),(1087,990,'tt7401588'),(1088,990,'tt5052474'),(1089,991,'tt6887540'),(1090,992,'tt6226212'),(1091,993,'tt6465940'),(1092,994,'tt6371588'),(1093,995,'tt7349662'),(1094,996,'tt5050328'),(1095,997,'tt6536668'),(1096,998,'tt6450186'),(1097,999,'tt6068554'),(1098,1000,'tt2201211'),(1099,1000,'tt6241390'),(1100,1001,'tt7004152'),(1101,1002,'tt2119543'),(1102,1003,'tt6942194'),(1103,1004,'tt5468130'),(1104,1005,'tt1226837'),(1105,1006,'tt5246902'),(1106,1007,'tt3263946'),(1107,1008,'tt6017942'),(1108,1009,'tt5056154'),(1109,1010,'tt6398496'),(1110,1011,'tt6118340'),(1111,1012,'tt6089358'),(1112,1013,'tt7208564'),(1113,1014,'tt4714710'),(1114,1015,'tt6744044'),(1115,1016,'tt3829266'),(1116,1017,'tt5224356'),(1117,1018,'tt6131450'),(1118,1019,'tt4229864'),(1119,1020,'tt7235038'),(1120,1021,'tt7248518'),(1121,1022,'tt6421110'),(1122,1023,'tt8679574'),(1123,1024,'tt3766382'),(1124,1025,'tt5231992'),(1125,1026,'tt5221360'),(1126,1027,'tt6159268'),(1127,1028,'tt4372084'),(1128,1029,'tt7004152'),(1130,1031,'tt4633694'),(1131,1032,'tt6705860'),(1132,1033,'tt7375578'),(1133,1034,'tt6857040'),(1134,1035,'tt6701492'),(1135,1036,'tt8879666'),(1136,1037,'tt5304996'),(1137,1038,'tt5117670'),(1138,1038,'tt6182908'),(1139,1039,'tt7304196'),(1140,1040,'tt7388562'),(1141,1041,'tt5737536'),(1142,1041,'tt2825596'),(1143,1042,'tt6588064'),(1144,1042,'tt8025310'),(1145,1043,'tt6504538'),(1146,1044,'tt3451984'),(1147,1045,'tt6884380'),(1148,1046,'tt2619512'),(1149,1047,'tt7895904'),(1150,1048,'tt6074834'),(1151,1049,'tt4768586'),(1152,1050,'tt5688868'),(1153,1051,'tt6043142'),(1154,1051,'tt7087210'),(1155,1052,'tt5946668'),(1156,1052,'tt4454834'),(1157,1053,'tt2987806'),(1158,1054,'tt6043072'),(1159,1054,'tt4477536'),(1160,1055,'tt4532826'),(1161,1056,'tt6212378'),(1162,1057,'tt1502407'),(1163,1057,'tt7049542'),(1164,1058,'tt6692926'),(1165,1059,'tt7422552'),(1166,1060,'tt7304212'),(1167,1061,'tt6857166'),(1168,1062,'tt6251024'),(1169,1062,'tt2825596'),(1170,1063,'tt6185266'),(1171,1064,'tt4103470'),(1172,1065,'tt6923386'),(1173,1065,'tt7284202'),(1174,1065,'tt4224754'),(1175,1065,'tt3846674'),(1176,1066,'tt8343642'),(1177,1067,'tt3313182'),(1178,1067,'tt7242142'),(1180,1068,'tt4883336'),(1181,1069,'tt3142428'),(1182,1070,'tt8236566'),(1183,1071,'tt7039000'),(1184,1072,'tt2011311'),(1185,1073,'tt8595574'),(1186,1074,'tt7487314'),(1187,1075,'tt2704998'),(1188,1076,'tt6113122'),(1189,1077,'tt1213641'),(1190,1078,'tt5372620'),(1191,1079,'tt5922358'),(1192,1080,'tt8009578'),(1193,1081,'tt6512428'),(1194,1082,'tt1885325'),(1195,1083,'tt5834760'),(1196,1084,'tt4218998'),(1197,1085,'tt2490148'),(1198,1085,'tt3543918'),(1199,1086,'tt8142044'),(1200,1087,'tt7690670'),(1201,1088,'tt1477834'),(1202,1089,'tt7197298'),(1203,1090,'tt4015500'),(1204,1091,'tt4779682'),(1205,1092,'tt7293920'),(1206,1093,'tt5428666'),(1207,1094,'tt5367690'),(1208,1095,'tt1773753'),(1209,1096,'tt3968088'),(1210,1097,'tt7445552'),(1211,1098,'tt5221360'),(1212,1099,'tt6905402'),(1213,1100,'tt7722156'),(1214,1101,'tt6317236'),(1215,1102,'tt7350614'),(1216,1103,'tt6610158'),(1217,1104,'tt4669264'),(1218,1105,'tt6237314'),(1219,1106,'tt8041922'),(1220,1107,'tt8343642'),(1221,1108,'tt6089358'),(1222,1109,'tt5690360'),(1223,1110,'tt7487314'),(1224,1111,'tt8187918'),(1225,1112,'tt6185692'),(1226,1113,'tt8324462'),(1227,1114,'tt8041922'),(1228,1115,'tt3070506'),(1229,1116,'tt6628394'),(1230,1117,'tt6053472'),(1231,1118,'tt7304212'),(1232,1119,'tt7950334'),(1233,1120,'tt4360924'),(1234,1121,'tt9038976'),(1235,1122,'tt4933914'),(1236,1123,'tt5160938'),(1237,1124,'tt5737536'),(1238,1125,'tt3892172'),(1239,1126,'tt7385832'),(1240,1126,'tt7952840'),(1241,1127,'tt2315596'),(1242,1128,'tt6958520'),(1243,1129,'tt2850272'),(1244,1129,'tt5057140'),(1245,1130,'tt6043072'),(1246,1131,'tt1662546'),(1247,1131,'tt6185998'),(1248,1132,'tt7197298'),(1249,1133,'tt7688638'),(1250,1134,'tt7963218'),(1251,1135,'tt3496790'),(1252,1136,'tt5670364'),(1253,1137,'tt3908826'),(1254,1138,'tt6140148'),(1255,1139,'tt4872260'),(1256,1140,'tt4878482'),(1257,1141,'tt3313182'),(1258,1142,'tt7167630'),(1259,1143,'tt2850272'),(1260,1144,'tt8669354'),(1261,1145,'tt5164432'),(1262,1146,'tt2873282'),(1263,1147,'tt2126357'),(1264,1148,'tt0972544'),(1265,1149,'tt8660842'),(1266,1150,'tt7712746'),(1267,1151,'tt6143782'),(1268,1152,'tt4985906'),(1269,1153,'tt3068544'),(1270,1154,'tt6000570'),(1271,1155,'tt8879926'),(1272,1156,'tt8806104'),(1273,1157,'tt6598072'),(1274,1158,'tt5718046'),(1275,1158,'tt2762662'),(1276,1159,'tt8928500'),(1277,1160,'tt5664636'),(1278,1161,'tt5688932'),(1279,1162,'tt6942194'),(1280,1163,'tt4791276'),(1281,1164,'tt4524418'),(1282,1165,'tt6109874'),(1283,1166,'tt6753132'),(1284,1167,'tt2990140'),(1285,1168,'tt4369136'),(1286,1169,'tt6927880'),(1287,1170,'tt8703882'),(1288,1171,'tt8236566'),(1289,1172,'tt8900984'),(1290,1173,'tt7671414'),(1291,1174,'tt3619070'),(1292,1175,'tt4840810'),(1293,1176,'tt6853910'),(1294,1177,'tt6162762'),(1295,1178,'tt6498220'),(1296,1178,'tt8073604'),(1297,1179,'tt4103724'),(1298,1179,'tt4465538'),(1299,1180,'tt4372084'),(1300,1181,'tt6237268'),(1301,1182,'tt6433106'),(1302,1183,'tt8554826'),(1303,1184,'tt9278074'),(1304,1185,'tt9341628'),(1305,1186,'tt7184124'),(1306,1187,'tt3661570'),(1307,1188,'tt8707374'),(1308,1189,'tt7388562'),(1309,1189,'tt5696326'),(1310,1190,'tt7738450'),(1311,1191,'tt6769326'),(1312,1191,'tt6547044'),(1313,1192,'tt8179218'),(1314,1192,'tt8305692'),(1315,1193,'tt8046636'),(1316,1194,'tt4650624'),(1317,1195,'tt6884200'),(1318,1196,'tt7365740'),(1319,1197,'tt4087816'),(1320,1198,'tt5855164'),(1321,1199,'tt8362964'),(1322,1200,'tt4782322'),(1323,1201,'tt4445490'),(1324,1202,'tt5459382'),(1325,1203,'tt5327410'),(1326,1204,'tt3064338'),(1327,1205,'tt5273720'),(1328,1206,'tt3024324'),(1329,1207,'tt5078618'),(1330,1208,'tt7385812'),(1331,1209,'tt3027994'),(1332,1210,'tt6536668'),(1333,1211,'tt7558548'),(1334,1212,'tt5471472'),(1335,1213,'tt6206364'),(1336,1214,'tt5884434'),(1337,1215,'tt6185266'),(1338,1216,'tt2873282'),(1339,1217,'tt5226192'),(1340,1218,'tt7256866'),(1341,1219,'tt7709804'),(1342,1220,'tt5690360'),(1343,1220,'tt7284204'),(1344,1220,'tt6241390'),(1345,1221,'tt8018008'),(1346,1222,'tt9509866'),(1347,1223,'tt7356166'),(1348,1224,'tt4244998'),(1349,1225,'tt1389098'),(1350,1226,'tt7365740'),(1351,1227,'tt4779344'),(1352,1228,'tt5848272'),(1353,1228,'tt1255919'),(1354,1229,'tt2531344'),(1355,1230,'tt5893906'),(1356,1231,'tt5843780'),(1357,1232,'tt2850272'),(1358,1232,'tt7689906'),(1359,1232,'tt7349662'),(1360,1233,'tt6504868'),(1361,1234,'tt5926990'),(1362,1235,'tt3334418'),(1363,1236,'tt4836580'),(1364,1237,'tt8354006'),(1365,1238,'tt7543072'),(1366,1239,'tt6644200'),(1367,1240,'tt6342062'),(1368,1241,'tt2737304'),(1369,1242,'tt4312842'),(1370,1243,'tt6910380'),(1371,1244,'tt7304196'),(1372,1245,'tt4264610'),(1373,1246,'tt6984258'),(1374,1247,'tt7014430'),(1375,1247,'tt5563782'),(1376,1248,'tt9021374'),(1377,1249,'tt6023386'),(1378,1250,'tt8515802'),(1379,1251,'tt8459444'),(1380,1252,'tt6865690'),(1381,1253,'tt6149464'),(1382,1254,'tt6495770'),(1383,1254,'tt5216022'),(1384,1254,'tt4738776'),(1385,1255,'tt5867226'),(1386,1256,'tt6133466'),(1387,1257,'tt8187918'),(1388,1258,'tt3643544'),(1389,1259,'tt4669264'),(1390,1259,'tt2854926'),(1391,1260,'tt7115980'),(1392,1261,'tt8064262'),(1393,1262,'tt9509866'),(1394,1263,'tt7768846'),(1395,1264,'tt7241800'),(1396,1265,'tt4602554'),(1397,1266,'tt10411954'),(1398,1267,'tt2651724'),(1399,1268,'tt5639898'),(1400,1269,'tt7784788'),(1401,1269,'tt6212378'),(1402,1270,'tt5879216'),(1403,1271,'tt5814060'),(1404,1272,'tt6619250'),(1405,1273,'tt7284202'),(1406,1274,'tt5273720'),(1407,1275,'tt6151048'),(1408,1276,'tt3778644'),(1409,1277,'tt4714710'),(1410,1278,'tt3665498'),(1411,1278,'tt6285672'),(1412,1278,'tt5441464'),(1413,1278,'tt2924392'),(1414,1279,'tt6354056'),(1415,1280,'tt3960240'),(1416,1281,'tt6645236'),(1417,1282,'tt6876788'),(1418,1283,'tt8239736'),(1419,1284,'tt7709804'),(1420,1285,'tt7722156'),(1421,1286,'tt9341628'),(1422,1286,'tt8239736'),(1423,1287,'tt4762824'),(1424,1287,'tt5463162'),(1425,1287,'tt5052474'),(1426,1288,'tt5164432'),(1427,1289,'tt7014006'),(1428,1290,'tt4694366'),(1429,1291,'tt7708146'),(1430,1292,'tt6241678'),(1431,1293,'tt6197494'),(1432,1294,'tt7952920'),(1433,1295,'tt5855164'),(1434,1296,'tt7153766'),(1435,1297,'tt7983348'),(1436,1298,'tt4530422'),(1437,1299,'tt8707374'),(1438,1300,'tt6619250'),(1439,1301,'tt6964844'),(1440,1302,'tt5608000'),(1441,1303,'tt5960374'),(1442,1304,'tt4538294'),(1443,1304,'tt5918734'),(1444,1305,'tt5361596'),(1445,1306,'tt6251390'),(1446,1307,'tt6645236'),(1447,1308,'tt1502407'),(1448,1308,'tt2670882'),(1449,1309,'tt5078618'),(1450,1310,'tt5690360'),(1451,1310,'tt8426594'),(1452,1311,'tt7545524'),(1453,1312,'tt2201211'),(1454,1313,'tt7374952'),(1455,1314,'tt7768846'),(1456,1315,'tt6046314'),(1457,1316,'tt5866442'),(1458,1317,'tt5209346'),(1459,1318,'tt4789822'),(1460,1319,'tt6974888'),(1461,1320,'tt5696326'),(1462,1321,'tt5516404'),(1463,1321,'tt4057146'),(1464,1322,'tt0972544'),(1465,1323,'tt7605084'),(1466,1324,'tt2825596'),(1467,1325,'tt5327410'),(1468,1326,'tt6231784'),(1469,1327,'tt6675400'),(1470,1328,'tt9459550'),(1471,1328,'tt8421518'),(1472,1329,'tt6512428'),(1473,1330,'tt6170804'),(1474,1331,'tt4286760'),(1475,1332,'tt3451984'),(1476,1333,'tt5522310'),(1477,1333,'tt4959440'),(1478,1334,'tt5209346'),(1479,1335,'tt7227412'),(1480,1336,'tt4669788'),(1481,1337,'tt4602554'),(1482,1338,'tt3714492'),(1483,1339,'tt4087816'),(1484,1340,'tt10411954'),(1485,1340,'tt6974888'),(1486,1341,'tt4360924'),(1487,1342,'tt7297336'),(1488,1343,'tt6251024'),(1489,1344,'tt8235296'),(1490,1345,'tt5740852'),(1491,1346,'tt7239700'),(1492,1347,'tt8257624'),(1493,1348,'tt5866442'),(1494,1349,'tt8634348'),(1495,1350,'tt7237666'),(1496,1351,'tt7819860'),(1497,1352,'tt5246700'),(1498,1353,'tt8671462'),(1499,1354,'tt5591666'),(1500,1355,'tt5547910'),(1501,1356,'tt7900528'),(1502,1357,'tt7440524'),(1503,1358,'tt6268882'),(1504,1359,'tt5031658'),(1505,1360,'tt9248032'),(1506,1361,'tt1780790'),(1507,1362,'tt4680368'),(1508,1362,'tt7983348'),(1509,1362,'tt4572700'),(1510,1362,'tt7358686'),(1511,1363,'tt4268054'),(1512,1364,'tt3628574'),(1513,1364,'tt5613484'),(1514,1365,'tt7776050'),(1515,1366,'tt5034122'),(1516,1367,'tt5536610'),(1517,1368,'tt3458510'),(1518,1369,'tt6853580'),(1519,1370,'tt2205762'),(1520,1371,'tt6317236'),(1521,1372,'tt5980638'),(1522,1373,'tt7948854'),(1523,1374,'tt6109874'),(1524,1374,'tt6163142'),(1525,1375,'tt6796028'),(1526,1376,'tt3487610'),(1527,1377,'tt8025310'),(1529,1379,'tt8257624'),(1530,1380,'tt6268734'),(1531,1381,'tt5547910'),(1532,1382,'tt4500922'),(1533,1383,'tt5918734'),(1534,1384,'tt7239700'),(1535,1385,'tt7975674'),(1536,1386,'tt5886388'),(1537,1387,'tt6987770'),(1538,1388,'tt2201211'),(1539,1389,'tt3956336'),(1540,1389,'tt6111980'),(1541,1390,'tt7912678'),(1542,1391,'tt3107166'),(1543,1392,'tt6424188'),(1544,1393,'tt8041916'),(1545,1394,'tt8890230'),(1546,1395,'tt6143782'),(1547,1396,'tt6649792'),(1548,1397,'tt7952840'),(1549,1398,'tt6146590'),(1550,1399,'tt6933454'),(1551,1400,'tt8660842'),(1552,1401,'tt1885325'),(1553,1402,'tt8145968'),(1554,1402,'tt8709452'),(1555,1402,'tt10207850'),(1556,1403,'tt8046636'),(1557,1403,'tt4650624'),(1558,1404,'tt8178992'),(1559,1405,'tt5160614'),(1560,1406,'tt7689906'),(1561,1407,'tt6539470'),(1562,1408,'tt7959500'),(1563,1409,'tt6046314'),(1564,1410,'tt7738450'),(1565,1411,'tt4867110'),(1566,1412,'tt7830428'),(1567,1413,'tt4729642'),(1568,1414,'tt6540984'),(1569,1415,'tt3203528'),(1570,1416,'tt4968782'),(1571,1417,'tt8638524'),(1572,1418,'tt6074834'),(1573,1419,'tt5691084'),(1574,1420,'tt6781982'),(1575,1421,'tt5037684'),(1576,1422,'tt4985906'),(1577,1422,'tt6409762'),(1578,1422,'tt7605084'),(1579,1423,'tt3487610'),(1580,1424,'tt7620746'),(1581,1425,'tt5989336'),(1582,1426,'tt5231992'),(1583,1426,'tt7165212'),(1584,1427,'tt5179598'),(1585,1428,'tt5884434'),(1586,1429,'tt6206364'),(1587,1430,'tt4669264'),(1588,1431,'tt7424200'),(1589,1432,'tt8548792'),(1590,1433,'tt4500922'),(1591,1434,'tt7158430'),(1592,1435,'tt7125860'),(1593,1436,'tt6992230'),(1594,1437,'tt7335892'),(1595,1438,'tt2990140'),(1596,1439,'tt6106980'),(1597,1439,'tt7170950'),(1598,1440,'tt4594836'),(1599,1440,'tt2011311'),(1600,1441,'tt6014166'),(1601,1442,'tt5734576'),(1602,1443,'tt5607096'),(1603,1444,'tt8498198'),(1605,1446,'tt7476438'),(1606,1447,'tt4244998'),(1607,1448,'tt3643544'),(1608,1449,'tt3060390'),(1609,1450,'tt3309874'),(1610,1451,'tt7170950'),(1611,1452,'tt7694738'),(1612,1453,'tt5160938'),(1613,1454,'tt6857040'),(1614,1455,'tt7919372'),(1615,1456,'tt3526622'),(1616,1457,'tt4768586'),(1617,1458,'tt3120280'),(1618,1459,'tt3201736'),(1619,1460,'tt9149982'),(1620,1461,'tt6740154'),(1621,1462,'tt3960240'),(1622,1463,'tt6211976'),(1623,1464,'tt2704998'),(1624,1465,'tt5453522'),(1625,1466,'tt7356166'),(1626,1467,'tt5755280'),(1627,1468,'tt7445552'),(1628,1469,'tt7334528'),(1629,1470,'tt1517451'),(1630,1471,'tt7316358'),(1631,1471,'tt6958014'),(1632,1471,'tt6516314'),(1633,1472,'tt5566778'),(1634,1473,'tt5688932'),(1635,1474,'tt5335244'),(1636,1475,'tt7108862'),(1637,1476,'tt3846674'),(1638,1477,'tt5960386'),(1639,1478,'tt8318702'),(1640,1478,'tt5503472'),(1641,1478,'tt4287470'),(1642,1479,'tt6183104'),(1643,1480,'tt2139869'),(1644,1481,'tt3024324'),(1645,1482,'tt4015500'),(1646,1482,'tt3263946'),(1647,1483,'tt4202970'),(1648,1484,'tt7381444'),(1649,1485,'tt6236662'),(1650,1486,'tt6237314'),(1651,1487,'tt8084572'),(1652,1488,'tt9855990'),(1653,1489,'tt6570372'),(1654,1490,'tt4287234'),(1655,1491,'tt4560436'),(1656,1492,'tt4700872'),(1657,1493,'tt1780790'),(1658,1494,'tt6557704'),(1659,1495,'tt7125498'),(1660,1496,'tt7149336'),(1661,1497,'tt9509866'),(1662,1498,'tt6958520'),(1663,1499,'tt8688048'),(1664,1500,'tt6702308'),(1665,1501,'tt6071092'),(1666,1502,'tt4824316'),(1667,1503,'tt6536668'),(1668,1504,'tt6495094'),(1669,1505,'tt7217362'),(1670,1506,'tt8784388'),(1671,1507,'tt2126357'),(1672,1508,'tt3643544'),(1673,1509,'tt5431284'),(1674,1510,'tt5726086'),(1675,1511,'tt4883336'),(1676,1512,'tt7385836'),(1677,1513,'tt6557356'),(1678,1514,'tt3329456'),(1679,1515,'tt4470288'),(1680,1516,'tt2531344'),(1681,1517,'tt5232294'),(1682,1518,'tt5850176'),(1683,1519,'tt4578598'),(1684,1520,'tt3418064'),(1685,1521,'tt6133466'),(1686,1522,'tt6862864'),(1687,1523,'tt6164854'),(1688,1524,'tt5922358'),(1689,1525,'tt8595574'),(1690,1526,'tt9274824'),(1691,1527,'tt1590193'),(1692,1528,'tt7755856'),(1693,1528,'tt2670882'),(1694,1529,'tt2854926'),(1695,1529,'tt7334528'),(1696,1530,'tt8354006'),(1697,1531,'tt6418918'),(1698,1532,'tt2233979'),(1699,1533,'tt5726086'),(1700,1533,'tt9109306'),(1701,1533,'tt4374864'),(1702,1534,'tt5028340'),(1703,1535,'tt4520518'),(1704,1536,'tt6966692'),(1705,1537,'tt8183570'),(1706,1538,'tt3113836'),(1708,1540,'tt2482856'),(1709,1541,'tt5085924'),(1710,1542,'tt7690016'),(1711,1543,'tt8239736'),(1712,1544,'tt6208950'),(1713,1545,'tt8709452'),(1714,1546,'tt3201640'),(1715,1547,'tt7374952'),(1716,1548,'tt6095486'),(1717,1549,'tt6499752'),(1718,1550,'tt6547044'),(1719,1551,'tt7764650'),(1720,1552,'tt6043072'),(1721,1552,'tt6388074'),(1722,1553,'tt2140629'),(1723,1554,'tt8420952'),(1724,1555,'tt4712076'),(1725,1556,'tt4981292'),(1726,1557,'tt5493944'),(1727,1558,'tt9058902'),(1728,1559,'tt8593930'),(1729,1560,'tt7304806'),(1730,1561,'tt4080400'),(1731,1562,'tt6418778'),(1732,1563,'tt7068878'),(1733,1564,'tt5610950'),(1734,1565,'tt2530316'),(1735,1566,'tt7125498'),(1736,1567,'tt7545524'),(1737,1567,'tt5613484'),(1738,1568,'tt3070506'),(1739,1569,'tt3458510'),(1740,1569,'tt6772950'),(1741,1569,'tt7149336'),(1742,1570,'tt5304992'),(1743,1571,'tt6102104'),(1744,1572,'tt7949046'),(1745,1573,'tt7487314'),(1746,1573,'tt5829104'),(1747,1574,'tt5589362'),(1748,1575,'tt3766382'),(1749,1576,'tt3628574'),(1750,1577,'tt2205762'),(1751,1578,'tt5670152'),(1752,1579,'tt6613952'),(1753,1579,'tt5664222'),(1754,1580,'tt6418918'),(1755,1581,'tt6224502'),(1756,1582,'tt7671414'),(1757,1583,'tt6013156'),(1758,1584,'tt5095830'),(1759,1585,'tt1825683'),(1760,1586,'tt6096308'),(1761,1587,'tt5267472'),(1762,1588,'tt7177250'),(1763,1589,'tt8113950'),(1764,1589,'tt8844888'),(1765,1590,'tt5837976'),(1766,1591,'tt3240102'),(1767,1592,'tt6063050'),(1768,1593,'tt5013782'),(1769,1594,'tt5604902'),(1770,1595,'tt9855990'),(1771,1596,'tt5985672'),(1772,1597,'tt5610554'),(1773,1598,'tt5523010'),(1774,1599,'tt8833552'),(1775,1600,'tt8233184'),(1776,1601,'tt4908174'),(1777,1602,'tt4638148'),(1779,1602,'tt6096308'),(1780,1603,'tt7218564'),(1781,1603,'tt6450186'),(1782,1604,'tt5903358'),(1783,1605,'tt8660842'),(1784,1606,'tt5664636'),(1785,1607,'tt6271806'),(1786,1607,'tt9149982'),(1787,1608,'tt5829104'),(1788,1609,'tt9301884'),(1789,1610,'tt6958014'),(1790,1611,'tt7912678'),(1791,1612,'tt4454078'),(1792,1613,'tt6952960'),(1793,1614,'tt6342110'),(1794,1615,'tt6398496'),(1795,1616,'tt6966692'),(1796,1617,'tt7690016'),(1797,1618,'tt8145968'),(1798,1619,'tt4357394'),(1799,1619,'tt6688022'),(1800,1620,'tt4859168'),(1801,1621,'tt6140580'),(1802,1622,'tt4470288'),(1803,1623,'tt2231461'),(1804,1624,'tt4738912'),(1805,1625,'tt6149464'),(1806,1626,'tt4073790'),(1807,1627,'tt5518358'),(1808,1628,'tt7304806'),(1809,1629,'tt4244998'),(1810,1630,'tt6269434'),(1811,1631,'tt4080400'),(1812,1632,'tt6384998'),(1813,1633,'tt6014166'),(1814,1634,'tt7620746'),(1815,1634,'tt5848986'),(1816,1635,'tt2762662'),(1817,1636,'tt8688048'),(1818,1637,'tt3064338'),(1819,1638,'tt8237340'),(1820,1639,'tt1389098'),(1821,1640,'tt9038976'),(1822,1641,'tt8883524'),(1823,1642,'tt4643048'),(1824,1643,'tt4584718'),(1825,1644,'tt6688022'),(1826,1644,'tt5258128'),(1827,1645,'tt8324462'),(1828,1646,'tt5078618'),(1829,1647,'tt4080400'),(1830,1648,'tt8145968'),(1831,1649,'tt7615722'),(1832,1650,'tt8084572'),(1833,1651,'tt5069110'),(1834,1652,'tt6842126'),(1835,1653,'tt4154756'),(1836,1654,'tt6170804'),(1837,1655,'tt9301884'),(1838,1656,'tt7401588'),(1839,1656,'tt4560436'),(1840,1657,'tt6423998'),(1841,1658,'tt7819860'),(1842,1659,'tt5518358'),(1843,1660,'tt6433106'),(1844,1661,'tt6156656'),(1845,1662,'tt6206364'),(1846,1663,'tt4224754'),(1847,1664,'tt2233979'),(1848,1665,'tt5522310'),(1849,1666,'tt1285009'),(1850,1667,'tt5670364'),(1851,1668,'tt4712618'),(1852,1669,'tt7375578'),(1853,1670,'tt5891150'),(1854,1671,'tt7004152'),(1855,1672,'tt2377752'),(1856,1673,'tt7542576'),(1857,1674,'tt6705860'),(1858,1675,'tt6992230'),(1859,1676,'tt5453522'),(1860,1677,'tt6093618'),(1861,1678,'tt6424188'),(1862,1678,'tt4680368'),(1863,1679,'tt6807324'),(1864,1680,'tt4530422'),(1865,1681,'tt7688638'),(1866,1682,'tt6388074'),(1867,1683,'tt3619070'),(1868,1684,'tt5696326'),(1869,1685,'tt5792468'),(1870,1686,'tt7314118'),(1871,1687,'tt4218998'),(1872,1688,'tt7217362'),(1873,1689,'tt1389098'),(1874,1689,'tt1759744'),(1875,1690,'tt6251390'),(1876,1690,'tt5619332'),(1877,1691,'tt6164854'),(1878,1692,'tt7117594'),(1879,1693,'tt6923858'),(1880,1694,'tt5702446'),(1881,1695,'tt5855164'),(1882,1696,'tt7422552'),(1883,1696,'tt7764650'),(1884,1697,'tt8358682'),(1885,1698,'tt6163142'),(1886,1698,'tt7578566'),(1887,1699,'tt4537896'),(1888,1700,'tt3588588'),(1889,1701,'tt8235966'),(1890,1702,'tt5563782'),(1891,1703,'tt2873282'),(1892,1704,'tt4933914'),(1893,1705,'tt5165620'),(1894,1706,'tt1226837'),(1895,1707,'tt5879216'),(1896,1708,'tt3289080'),(1897,1709,'tt6878382'),(1898,1710,'tt5208950'),(1899,1711,'tt7115980'),(1900,1712,'tt1308728'),(1901,1713,'tt7338690'),(1902,1714,'tt8257900'),(1903,1715,'tt5850176'),(1904,1716,'tt7233828'),(1905,1717,'tt6905402'),(1906,1718,'tt5523010'),(1907,1719,'tt6535838'),(1908,1720,'tt5267472'),(1909,1721,'tt6652708'),(1910,1722,'tt2139869'),(1911,1723,'tt7214028'),(1912,1724,'tt7221072'),(1913,1725,'tt7237666'),(1914,1726,'tt2690634'),(1915,1727,'tt9369332'),(1916,1728,'tt4730224'),(1917,1729,'tt5208252'),(1918,1730,'tt6504868'),(1919,1731,'tt6499752'),(1920,1732,'tt8928500'),(1921,1733,'tt9109306'),(1922,1734,'tt6342062'),(1923,1735,'tt5291792'),(1924,1735,'tt5926990'),(1925,1736,'tt4595882'),(1926,1736,'tt5619332'),(1927,1736,'tt1308728'),(1928,1737,'tt5031388'),(1930,1739,'tt7475832'),(1931,1740,'tt5690992'),(1932,1741,'tt7339792'),(1933,1742,'tt5516404'),(1934,1743,'tt6850766'),(1935,1744,'tt3764198'),(1936,1745,'tt5881528'),(1937,1745,'tt6516314'),(1938,1746,'tt6495388'),(1939,1747,'tt7949046'),(1940,1748,'tt6268734'),(1941,1749,'tt5688996'),(1942,1750,'tt7087210'),(1943,1751,'tt6343314'),(1944,1751,'tt0360556'),(1945,1751,'tt1825683'),(1946,1752,'tt6208950'),(1947,1753,'tt6342110'),(1948,1754,'tt3779414'),(1950,1755,'tt6945500'),(1951,1755,'tt6051424'),(1952,1756,'tt6411590'),(1953,1757,'tt6151048'),(1954,1757,'tt7385832'),(1955,1758,'tt4287470'),(1956,1759,'tt6185266'),(1957,1760,'tt9034308'),(1958,1761,'tt6465940'),(1959,1762,'tt4123650'),(1960,1763,'tt4840810'),(1961,1764,'tt6927880'),(1962,1765,'tt6342062'),(1963,1766,'tt7690670'),(1964,1767,'tt7304194'),(1965,1768,'tt2098669'),(1966,1769,'tt6384998'),(1967,1770,'tt3289080'),(1968,1771,'tt7975674'),(1969,1772,'tt3201640'),(1970,1772,'tt1413492'),(1971,1772,'tt5095030'),(1972,1773,'tt6328004'),(1973,1774,'tt5580392'),(1974,1774,'tt4976192'),(1975,1775,'tt4229864'),(1976,1775,'tt3923004'),(1977,1776,'tt1413492'),(1978,1776,'tt3628574'),(1979,1776,'tt6662736'),(1980,1777,'tt6354056'),(1981,1778,'tt4538294'),(1982,1779,'tt6922804'),(1983,1780,'tt3444206'),(1984,1780,'tt9109306'),(1985,1780,'tt6923386'),(1986,1781,'tt5874752'),(1987,1782,'tt6093618'),(1988,1782,'tt3685236'),(1989,1783,'tt6701492'),(1990,1784,'tt7227412'),(1991,1785,'tt5431284'),(1992,1786,'tt4218998'),(1993,1787,'tt9274824'),(1994,1788,'tt3104988'),(1995,1789,'tt6119856'),(1996,1790,'tt3220900'),(1997,1791,'tt7349910'),(1998,1791,'tt4224754'),(1999,1792,'tt7520980'),(2000,1793,'tt7668724'),(2001,1794,'tt6953526'),(2002,1795,'tt3131050'),(2003,1796,'tt6140148'),(2004,1797,'tt7169100'),(2005,1798,'tt4643048'),(2006,1799,'tt5608000'),(2007,1800,'tt5428666'),(2008,1801,'tt7819394'),(2009,1802,'tt5815078'),(2010,1803,'tt6106980'),(2011,1804,'tt6644200'),(2012,1805,'tt6285672'),(2013,1806,'tt6013156'),(2014,1807,'tt5834760'),(2015,1808,'tt6101602'),(2016,1809,'tt5145662'),(2017,1809,'tt7375304'),(2018,1809,'tt6053472'),(2019,1809,'tt6118340'),(2020,1810,'tt2606314'),(2021,1811,'tt3565066'),(2022,1812,'tt7671414'),(2023,1813,'tt7620746'),(2024,1814,'tt5619332'),(2025,1815,'tt6101602'),(2026,1816,'tt1922544'),(2027,1817,'tt5176580'),(2028,1818,'tt4630466'),(2029,1819,'tt3616934'),(2030,1820,'tt2205762'),(2031,1821,'tt4762824'),(2032,1822,'tt6271806'),(2033,1823,'tt5463162'),(2034,1824,'tt5566790'),(2035,1825,'tt6924682'),(2036,1826,'tt5886388'),(2037,1827,'tt6211976'),(2038,1828,'tt6987760'),(2039,1829,'tt5922358'),(2040,1830,'tt6368508'),(2041,1831,'tt5192674'),(2042,1832,'tt6411954'),(2043,1833,'tt6017942'),(2044,1834,'tt7304196'),(2045,1835,'tt3330948'),(2047,1837,'tt6924682'),(2048,1838,'tt4685940'),(2049,1838,'tt3127016'),(2050,1839,'tt7689950'),(2051,1840,'tt4839118'),(2052,1841,'tt10207850'),(2053,1842,'tt5246700'),(2054,1843,'tt2231461'),(2055,1844,'tt1971310'),(2056,1845,'tt7256866'),(2057,1846,'tt6923740'),(2058,1846,'tt5216022'),(2059,1847,'tt7191910'),(2060,1848,'tt6185998'),(2061,1849,'tt5960374'),(2062,1850,'tt6473622'),(2063,1851,'tt2936390'),(2064,1852,'tt5949226'),(2065,1853,'tt4840810'),(2066,1854,'tt6450428'),(2067,1855,'tt4867110'),(2068,1856,'tt7164084'),(2069,1857,'tt4908174'),(2070,1858,'tt6796028'),(2071,1859,'tt8196068'),(2072,1860,'tt7949046'),(2073,1861,'tt3277446'),(2074,1862,'tt6186940'),(2075,1863,'tt7476438'),(2076,1864,'tt4103470'),(2077,1865,'tt7738450'),(2078,1866,'tt7039000'),(2079,1867,'tt6159268'),(2080,1868,'tt6557704'),(2081,1869,'tt5515374'),(2082,1870,'tt7149336'),(2083,1871,'tt7282278'),(2084,1872,'tt4791276'),(2085,1873,'tt8784388'),(2086,1874,'tt5335244'),(2087,1875,'tt4700872'),(2088,1876,'tt7913934'),(2089,1876,'tt7178102'),(2090,1877,'tt6096308'),(2091,1878,'tt7158430'),(2092,1879,'tt5428666'),(2093,1880,'tt5164432'),(2094,1881,'tt8954732'),(2095,1882,'tt7656570'),(2096,1883,'tt3563342'),(2097,1884,'tt7689950'),(2098,1885,'tt0972544'),(2099,1886,'tt6729000'),(2100,1887,'tt4976192'),(2101,1888,'tt4445490'),(2102,1889,'tt7919372'),(2103,1890,'tt7088028'),(2104,1891,'tt6051096'),(2105,1892,'tt7137380'),(2106,1893,'tt4057146'),(2107,1894,'tt9278074'),(2108,1895,'tt6853580'),(2109,1896,'tt9278074'),(2110,1897,'tt6649792'),(2111,1898,'tt7365604'),(2112,1898,'tt4859168'),(2113,1899,'tt7545566'),(2114,1900,'tt6328242'),(2115,1901,'tt8328612'),(2116,1902,'tt4867110'),(2117,1902,'tt3846674'),(2118,1903,'tt9034308'),(2119,1904,'tt5441464'),(2120,1905,'tt6423886'),(2121,1905,'tt5639898'),(2122,1906,'tt7461200'),(2123,1907,'tt7959500'),(2124,1908,'tt3418064'),(2125,1909,'tt1259528'),(2126,1910,'tt8861786'),(2127,1911,'tt6065246'),(2128,1912,'tt6884200'),(2129,1913,'tt6205872'),(2130,1913,'tt0427543'),(2131,1913,'tt6865690'),(2132,1914,'tt2377752'),(2133,1915,'tt4878482'),(2134,1916,'tt2936390'),(2135,1917,'tt1773753'),(2136,1918,'tt2990140'),(2137,1919,'tt8421518'),(2138,1920,'tt1677720'),(2139,1921,'tt7009250'),(2140,1922,'tt3313182'),(2141,1923,'tt6211976'),(2142,1923,'tt5989218'),(2143,1924,'tt7388562'),(2144,1925,'tt8421518'),(2145,1926,'tt6905402'),(2146,1926,'tt8097306'),(2147,1927,'tt1620680'),(2148,1928,'tt5192674'),(2149,1929,'tt5989218'),(2150,1929,'tt5208252'),(2151,1930,'tt7233828'),(2152,1931,'tt8844888'),(2153,1932,'tt2119543'),(2154,1933,'tt1259528'),(2155,1933,'tt6170506'),(2156,1934,'tt4580550'),(2157,1935,'tt7355708'),(2158,1936,'tt5539924'),(2159,1937,'tt7600294'),(2160,1938,'tt7009250'),(2161,1939,'tt6927880'),(2162,1940,'tt6540984'),(2163,1941,'tt7231572'),(2164,1942,'tt4103470'),(2165,1943,'tt5949226'),(2166,1944,'tt7316358'),(2167,1945,'tt5095830'),(2169,1947,'tt7084614'),(2170,1948,'tt2069797'),(2171,1948,'tt5639446'),(2172,1949,'tt6740154'),(2173,1950,'tt6621408'),(2174,1951,'tt4631048'),(2175,1952,'tt7241800'),(2176,1953,'tt3060390'),(2177,1954,'tt7959026'),(2178,1955,'tt8257900'),(2179,1956,'tt4883336'),(2180,1956,'tt7712746'),(2181,1957,'tt4799066'),(2182,1958,'tt1590193'),(2183,1959,'tt7217362'),(2184,1960,'tt7930006'),(2185,1961,'tt6984258'),(2186,1962,'tt8236588'),(2187,1963,'tt6150962'),(2188,1964,'tt5536610'),(2189,1965,'tt7475832'),(2190,1966,'tt6150962'),(2191,1967,'tt4524418'),(2192,1968,'tt5095030'),(2193,1969,'tt7284204'),(2194,1970,'tt7562932'),(2195,1971,'tt5670152'),(2196,1972,'tt8235296'),(2197,1973,'tt3064338'),(2198,1974,'tt3766354'),(2199,1975,'tt3956336'),(2200,1976,'tt3779414'),(2201,1977,'tt5069110'),(2202,1978,'tt5866442'),(2203,1979,'tt6710826'),(2204,1980,'tt8686074'),(2205,1981,'tt4374864'),(2206,1982,'tt7197298'),(2207,1983,'tt5848986'),(2208,1984,'tt7304806'),(2209,1985,'tt3277446'),(2210,1986,'tt7338690'),(2211,1987,'tt3923004'),(2212,1988,'tt5515374'),(2213,1989,'tt5896568'),(2214,1989,'tt6170804'),(2215,1990,'tt7764650'),(2216,1991,'tt6220752'),(2217,1992,'tt6069162'),(2218,1993,'tt5320124'),(2219,1994,'tt3024324'),(2220,1995,'tt5322168'),(2221,1996,'tt6923740'),(2222,1997,'tt8806104'),(2223,1998,'tt5493944'),(2224,1999,'tt8183570'),(2225,2000,'tt5670152'),(2226,2001,'tt6257174'),(2227,2002,'tt3543918'),(2228,2003,'tt6241270'),(2229,2004,'tt6902722'),(2230,2004,'tt7044076'),(2231,2005,'tt6772946'),(2232,2006,'tt6236662'),(2233,2007,'tt5792468'),(2234,2008,'tt6566830'),(2235,2009,'tt5013782'),(2236,2010,'tt6113122'),(2237,2011,'tt7440524'),(2238,2011,'tt6162762'),(2239,2012,'tt7917484'),(2240,2013,'tt2704998'),(2241,2014,'tt6185998'),(2242,2015,'tt5989336'),(2243,2016,'tt5589362'),(2244,2017,'tt7545566'),(2245,2018,'tt4411234'),(2246,2019,'tt6324892'),(2247,2020,'tt7242142'),(2248,2021,'tt4881806'),(2249,2022,'tt6423886'),(2250,2023,'tt4779682'),(2251,2024,'tt1971310'),(2252,2025,'tt5139926'),(2253,2026,'tt6767852'),(2254,2027,'tt7385836'),(2255,2028,'tt3809960'),(2256,2029,'tt7681824'),(2257,2030,'tt5050328'),(2258,2031,'tt6802308'),(2259,2032,'tt9459550'),(2260,2033,'tt6170202'),(2261,2034,'tt7558166'),(2262,2035,'tt1255919'),(2263,2036,'tt4387314'),(2264,2037,'tt4991112'),(2265,2038,'tt5755280'),(2266,2039,'tt7668724'),(2267,2040,'tt3692082'),(2268,2041,'tt4680368'),(2269,2042,'tt8332808'),(2270,2043,'tt5792468'),(2271,2044,'tt4789822'),(2272,2045,'tt1620680'),(2273,2046,'tt4968782'),(2274,2047,'tt4578598'),(2275,2048,'tt6859352'),(2276,2048,'tt5580266'),(2277,2048,'tt6788904'),(2278,2049,'tt7125860'),(2279,2050,'tt7233828'),(2280,2051,'tt5278886'),(2281,2052,'tt8305692'),(2282,2053,'tt6251390'),(2283,2054,'tt9143166'),(2284,2055,'tt6069162'),(2285,2056,'tt3330948'),(2286,2057,'tt4347994'),(2287,2058,'tt6910380'),(2289,2060,'tt7407296'),(2290,2061,'tt8669354'),(2291,2062,'tt6557356'),(2292,2063,'tt2226440'),(2293,2064,'tt8923800'),(2294,2065,'tt5181834'),(2295,2066,'tt7137846'),(2296,2067,'tt3767278'),(2297,2068,'tt4595882'),(2298,2069,'tt6945500'),(2299,2069,'tt3079568'),(2300,2070,'tt2160105'),(2301,2071,'tt5893906'),(2302,2072,'tt6876788'),(2303,2073,'tt2226440'),(2304,2074,'tt5604902'),(2305,2074,'tt5547910'),(2306,2075,'tt5837976'),(2307,2076,'tt7014430'),(2308,2076,'tt7886442'),(2309,2077,'tt4537896'),(2310,2078,'tt6987760'),(2311,2079,'tt5963314'),(2312,2080,'tt7221072'),(2313,2081,'tt6095486'),(2314,2082,'tt5057140'),(2315,2082,'tt5716280'),(2316,2083,'tt3120280'),(2317,2084,'tt7316576'),(2318,2085,'tt6923386'),(2319,2086,'tt5980638'),(2320,2087,'tt7358686'),(2321,2088,'tt7945822'),(2322,2089,'tt4799066'),(2323,2089,'tt6781982'),(2324,2090,'tt7235038'),(2325,2091,'tt7704392'),(2326,2092,'tt4572700'),(2327,2093,'tt6769326'),(2328,2094,'tt7208564'),(2329,2095,'tt5950092'),(2331,2097,'tt7886442'),(2332,2098,'tt4154756'),(2333,2099,'tt6662736'),(2334,2100,'tt4836580'),(2335,2101,'tt5881528'),(2336,2102,'tt2837574'),(2337,2103,'tt8669354'),(2338,2104,'tt3203528'),(2339,2104,'tt1571234'),(2340,2104,'tt6371588'),(2341,2105,'tt7088028'),(2342,2106,'tt6529772'),(2343,2107,'tt8555260'),(2344,2108,'tt8073604'),(2345,2109,'tt4445490'),(2346,2110,'tt7149916'),(2347,2111,'tt6215446'),(2348,2112,'tt4782322'),(2349,2112,'tt7358686'),(2350,2113,'tt8257900'),(2351,2114,'tt6788904'),(2352,2115,'tt3220900'),(2353,2115,'tt6529772'),(2354,2116,'tt8050266'),(2355,2117,'tt5741008'),(2356,2118,'tt7819860'),(2357,2118,'tt2924392'),(2358,2119,'tt5610554'),(2359,2120,'tt6131450'),(2360,2120,'tt7375578'),(2361,2121,'tt6014166'),(2362,2122,'tt6371588'),(2363,2123,'tt3330948'),(2364,2124,'tt7401588'),(2365,2124,'tt5607096'),(2366,2125,'tt8709036'),(2367,2125,'tt6185692'),(2368,2126,'tt2140629'),(2369,2126,'tt6865690'),(2370,2127,'tt9034308'),(2371,2128,'tt3692082'),(2372,2129,'tt8417466'),(2373,2130,'tt6143782'),(2374,2131,'tt6923858'),(2375,2132,'tt2530316'),(2376,2133,'tt5891150'),(2377,2134,'tt9334162'),(2378,2135,'tt6923858'),(2379,2136,'tt5580266'),(2380,2137,'tt4454078'),(2381,2138,'tt7315526'),(2382,2139,'tt8288836'),(2383,2140,'tt8783146'),(2384,2141,'tt3665498'),(2385,2142,'tt5639898'),(2386,2143,'tt6905442'),(2387,2144,'tt1213641'),(2388,2145,'tt4824316'),(2389,2145,'tt1937340'),(2390,2146,'tt7768846'),(2391,2147,'tt7973916'),(2392,2148,'tt4454078'),(2393,2149,'tt6710826'),(2394,2150,'tt3131050'),(2395,2151,'tt8638524'),(2396,2152,'tt5463162'),(2397,2153,'tt3759912'),(2398,2154,'tt6748030'),(2399,2155,'tt7945822'),(2400,2156,'tt6182078'),(2401,2157,'tt7525778'),(2402,2158,'tt6113122'),(2403,2159,'tt5522310'),(2404,2160,'tt6150962'),(2406,2161,'tt1517451'),(2408,2163,'tt2490148'),(2409,2164,'tt8954732'),(2410,2165,'tt7491968'),(2411,2166,'tt6556576'),(2412,2167,'tt6964844'),(2413,2168,'tt5361596'),(2414,2169,'tt6224502'),(2415,2169,'tt6269368'),(2416,2170,'tt6744044'),(2417,2171,'tt3563342'),(2418,2172,'tt7117594'),(2419,2173,'tt8041916'),(2420,2174,'tt7339792'),(2421,2175,'tt6619250'),(2422,2176,'tt2737304'),(2423,2176,'tt5164214'),(2424,2177,'tt5031658'),(2425,2178,'tt6140580'),(2426,2179,'tt6740154'),(2427,2180,'tt6450428'),(2428,2181,'tt5208950'),(2429,2181,'tt7007846'),(2430,2182,'tt8196068'),(2431,2183,'tt7108862'),(2432,2184,'tt6862864'),(2433,2185,'tt6023386'),(2434,2186,'tt5985672'),(2435,2186,'tt6557356'),(2436,2187,'tt6495094'),(2437,2188,'tt6512428'),(2438,2189,'tt7349910'),(2439,2190,'tt8976608'),(2440,2191,'tt4638148'),(2441,2192,'tt7704392'),(2442,2193,'tt6341668'),(2443,2194,'tt8493776'),(2444,2195,'tt5848272'),(2445,2196,'tt6466058'),(2446,2197,'tt7153766'),(2447,2198,'tt8498198'),(2448,2199,'tt8679574'),(2449,2200,'tt3606756'),(2450,2201,'tt6065246'),(2451,2202,'tt6102104'),(2452,2203,'tt5673714'),(2453,2204,'tt6064520'),(2454,2205,'tt7237666'),(2455,2206,'tt8111130'),(2456,2207,'tt5980638'),(2457,2208,'tt6159268'),(2458,2209,'tt7424200'),(2459,2209,'tt6772946'),(2460,2210,'tt7600294'),(2461,2211,'tt7948854'),(2462,2212,'tt5645932'),(2463,2213,'tt5755280'),(2464,2214,'tt8703882'),(2465,2215,'tt7722156'),(2466,2216,'tt6610158'),(2467,2217,'tt4788744'),(2468,2218,'tt8883524'),(2469,2218,'tt0859635'),(2470,2219,'tt6046314'),(2471,2220,'tt5034122'),(2472,2221,'tt5220122'),(2473,2222,'tt4518962'),(2474,2223,'tt7208564'),(2475,2224,'tt4633694'),(2476,2225,'tt8806104'),(2477,2226,'tt8210516'),(2478,2227,'tt6853580'),(2479,2228,'tt6102104'),(2480,2229,'tt4959440'),(2481,2230,'tt6089358'),(2482,2231,'tt4650624'),(2483,2232,'tt10515340'),(2484,2233,'tt6966044'),(2485,2234,'tt3120280'),(2486,2235,'tt6215446'),(2487,2236,'tt7983348'),(2488,2237,'tt7334528'),(2489,2238,'tt8709452'),(2490,2239,'tt7191910'),(2491,2240,'tt6172666'),(2492,2240,'tt7668724'),(2493,2241,'tt8923800'),(2494,2242,'tt5734576'),(2495,2243,'tt7826276'),(2496,2244,'tt7681824'),(2497,2245,'tt5209346'),(2498,2246,'tt5783956'),(2499,2247,'tt9301884'),(2500,2248,'tt7149916'),(2501,2249,'tt3920820'),(2502,2250,'tt6540984'),(2503,2251,'tt5396646'),(2504,2252,'tt6456222'),(2505,2253,'tt6328242'),(2506,2254,'tt4518962'),(2507,2255,'tt8179218'),(2508,2256,'tt7021508'),(2509,2257,'tt3396114'),(2510,2258,'tt6069162'),(2511,2259,'tt6641528'),(2512,2260,'tt8196068'),(2513,2261,'tt2837574'),(2514,2262,'tt8638524'),(2515,2263,'tt6065246'),(2516,2264,'tt6769280'),(2517,2265,'tt4712618'),(2518,2266,'tt8073604'),(2519,2267,'tt5591666'),(2520,2268,'tt6504868'),(2521,2269,'tt4444732'),(2522,2270,'tt4976192'),(2523,2271,'tt4682780'),(2524,2271,'tt6769280'),(2525,2272,'tt1759744'),(2526,2273,'tt1937340'),(2527,2274,'tt7221072'),(2528,2275,'tt5946668'),(2529,2276,'tt4764490'),(2530,2277,'tt3661570'),(2531,2278,'tt5960374'),(2532,2279,'tt3685490'),(2533,2279,'tt7044076'),(2534,2280,'tt7125860'),(2535,2281,'tt8671462'),(2536,2282,'tt8686074'),(2537,2283,'tt8593930'),(2538,2284,'tt4761916'),(2539,2285,'tt6966044'),(2540,2286,'tt1999890'),(2541,2287,'tt3060390'),(2542,2288,'tt4465538'),(2543,2289,'tt6753132'),(2544,2290,'tt6172666'),(2545,2291,'tt4168280'),(2546,2292,'tt3113836'),(2547,2292,'tt5145662'),(2548,2293,'tt8187918'),(2549,2294,'tt7115980'),(2550,2295,'tt6509058'),(2551,2295,'tt6821012'),(2552,2296,'tt1226837'),(2553,2296,'tt6266538'),(2554,2297,'tt6186940'),(2555,2297,'tt6119856'),(2556,2298,'tt6499752'),(2557,2299,'tt6644632'),(2558,2300,'tt0859635'),(2559,2301,'tt7963218'),(2560,2302,'tt6257174'),(2561,2303,'tt5815078'),(2562,2304,'tt7308310'),(2563,2305,'tt7772580'),(2564,2306,'tt5516404'),(2565,2307,'tt1620680'),(2566,2308,'tt6802950'),(2567,2309,'tt4387314'),(2568,2310,'tt7134690'),(2569,2311,'tt6842126'),(2570,2312,'tt3142428'),(2571,2313,'tt5737536'),(2572,2313,'tt5639446'),(2573,2313,'tt6205872'),(2574,2314,'tt6409762'),(2575,2315,'tt5613484'),(2576,2316,'tt6388074'),(2577,2317,'tt3526622'),(2578,2318,'tt5176580'),(2579,2319,'tt6499694'),(2580,2320,'tt5515374'),(2581,2321,'tt3486210'),(2582,2321,'tt7430654'),(2583,2322,'tt3588588'),(2584,2322,'tt6343314'),(2585,2323,'tt2011311'),(2587,2325,'tt5952138'),(2588,2325,'tt5814060'),(2589,2326,'tt6675400'),(2590,2327,'tt8555260'),(2591,2328,'tt5909334'),(2592,2328,'tt5630752'),(2593,2328,'tt5113250'),(2594,2328,'tt6769326'),(2595,2328,'tt7009250'),(2596,2329,'tt7231572'),(2597,2330,'tt3201736'),(2598,2331,'tt8879926'),(2599,2332,'tt6222286'),(2600,2333,'tt5231992'),(2601,2334,'tt6841812'),(2602,2334,'tt7375304'),(2603,2335,'tt6981634'),(2604,2336,'tt6063050'),(2605,2336,'tt6421110'),(2606,2337,'tt6465940'),(2607,2338,'tt4532826'),(2608,2338,'tt5179598'),(2610,2340,'tt4789822'),(2611,2341,'tt6163142'),(2612,2342,'tt6981634'),(2613,2343,'tt7137380'),(2614,2344,'tt7184124'),(2615,2345,'tt9058902'),(2616,2345,'tt6807324'),(2617,2346,'tt6183104'),(2618,2347,'tt5843780'),(2619,2348,'tt4714710'),(2620,2349,'tt8041916'),(2621,2350,'tt7177250'),(2622,2351,'tt6186940'),(2623,2352,'tt6268882'),(2624,2352,'tt3294746'),(2625,2353,'tt8142044'),(2626,2354,'tt6535838'),(2627,2355,'tt5580392'),(2628,2356,'tt4454834'),(2629,2357,'tt6165936'),(2630,2358,'tt5610950'),(2631,2359,'tt5566778'),(2632,2360,'tt8947488'),(2633,2361,'tt5181834'),(2634,2362,'tt6418918'),(2635,2362,'tt5291792'),(2636,2362,'tt8343642'),(2637,2362,'tt5688932'),(2638,2362,'tt6343314'),(2639,2363,'tt7021508'),(2640,2364,'tt5246700'),(2641,2365,'tt4694546'),(2642,2366,'tt8554826'),(2643,2367,'tt6922804'),(2644,2368,'tt4685940'),(2645,2369,'tt7316358'),(2646,2370,'tt3892172'),(2647,2371,'tt5841344'),(2648,2371,'tt4180556'),(2649,2371,'tt5459382'),(2650,2372,'tt7615722'),(2651,2373,'tt5949226'),(2652,2374,'tt8233184'),(2653,2375,'tt4572700'),(2654,2376,'tt8484038'),(2655,2377,'tt8097306'),(2656,2377,'tt6781982'),(2657,2377,'tt7461200'),(2658,2378,'tt6588064'),(2659,2379,'tt8009578'),(2660,2380,'tt7049542'),(2661,2380,'tt8097306'),(2662,2381,'tt6412452'),(2663,2382,'tt6473622'),(2664,2382,'tt5563782'),(2665,2383,'tt7231572'),(2666,2384,'tt4685806'),(2667,2385,'tt6807324'),(2668,2386,'tt5258128'),(2669,2387,'tt3503068'),(2670,2388,'tt6851966'),(2671,2389,'tt8498198'),(2672,2390,'tt5867226'),(2673,2391,'tt7137380'),(2674,2392,'tt6409762'),(2675,2392,'tt7605084'),(2676,2393,'tt6231784'),(2677,2394,'tt5918734'),(2678,2395,'tt6111980'),(2679,2395,'tt5503472'),(2680,2395,'tt5815078'),(2681,2396,'tt6744044'),(2682,2397,'tt7385812'),(2683,2398,'tt4912910'),(2684,2399,'tt6504538'),(2685,2400,'tt2987806'),(2686,2401,'tt2243900'),(2687,2402,'tt5056154'),(2688,2403,'tt4168280'),(2689,2404,'tt6215446'),(2690,2405,'tt8760550'),(2691,2405,'tt5396646'),(2692,2405,'tt4839118'),(2693,2406,'tt5523010'),(2694,2407,'tt7656570'),(2695,2408,'tt7694738'),(2696,2409,'tt8111130'),(2697,2410,'tt7784604'),(2698,2411,'tt5320124'),(2699,2412,'tt4712076'),(2700,2413,'tt4594836'),(2701,2414,'tt5216022'),(2702,2415,'tt4287470'),(2703,2415,'tt7520980'),(2704,2416,'tt7776050'),(2705,2416,'tt8318702'),(2706,2417,'tt2069797'),(2707,2418,'tt5232294'),(2708,2419,'tt5960386'),(2709,2420,'tt7385836'),(2710,2421,'tt6570372'),(2711,2422,'tt8493776'),(2713,2424,'tt7952840'),(2714,2425,'tt2737304'),(2715,2425,'tt3829266'),(2716,2426,'tt6250792'),(2717,2427,'tt7690670'),(2718,2428,'tt3895908'),(2719,2429,'tt3769038'),(2720,2430,'tt5246902'),(2721,2431,'tt8236588'),(2722,2432,'tt8178992'),(2723,2433,'tt6729000'),(2724,2434,'tt5741008'),(2725,2435,'tt8947488'),(2726,2436,'tt5342090'),(2727,2436,'tt1677720'),(2728,2436,'tt7950334'),(2729,2437,'tt7407296'),(2730,2438,'tt3661570'),(2731,2439,'tt8976608'),(2732,2440,'tt5591666'),(2733,2441,'tt7913934'),(2734,2442,'tt4287234'),(2735,2443,'tt4470288'),(2736,2444,'tt6324892'),(2737,2444,'tt6772950'),(2738,2445,'tt7126776'),(2739,2446,'tt6884380'),(2740,2446,'tt6887540'),(2741,2447,'tt8861786'),(2742,2448,'tt8420952'),(2743,2449,'tt4685806'),(2744,2450,'tt5441464'),(2745,2451,'tt6250792'),(2746,2451,'tt7784788'),(2747,2451,'tt6212378'),(2748,2452,'tt7153134'),(2749,2453,'tt7826276'),(2750,2454,'tt7108862'),(2751,2455,'tt6878382'),(2752,2456,'tt4580550'),(2753,2457,'tt7445552'),(2754,2458,'tt4578598'),(2755,2459,'tt8417466'),(2756,2460,'tt6521776'),(2757,2461,'tt8954732'),(2758,2461,'tt7365604'),(2759,2461,'tt2126357'),(2760,2462,'tt5946668'),(2761,2463,'tt7615722'),(2762,2464,'tt8707374'),(2763,2465,'tt1590193'),(2764,2466,'tt2243900'),(2765,2466,'tt4113346'),(2766,2466,'tt6945500'),(2767,2467,'tt8879666'),(2768,2468,'tt5139926'),(2769,2469,'tt6981634'),(2770,2470,'tt3487610'),(2771,2471,'tt8363908'),(2772,2472,'tt6966692'),(2773,2473,'tt1137450'),(2774,2474,'tt6566830'),(2775,2475,'tt8332808'),(2776,2476,'tt5834362'),(2777,2477,'tt7895904'),(2778,2478,'tt4912910'),(2779,2479,'tt7930006'),(2780,2480,'tt6772950'),(2781,2481,'tt5700182'),(2782,2481,'tt6556576'),(2783,2482,'tt4584718'),(2784,2483,'tt6411590'),(2785,2484,'tt9855990'),(2786,2485,'tt7689950'),(2787,2486,'tt7281994'),(2788,2486,'tt8595574'),(2789,2487,'tt6068406'),(2790,2488,'tt7308310'),(2791,2489,'tt5879216'),(2792,2490,'tt6887540'),(2793,2491,'tt1780790'),(2794,2492,'tt5327410'),(2795,2493,'tt5664636'),(2796,2494,'tt5691670'),(2797,2495,'tt6878382'),(2798,2495,'tt5040202'),(2799,2496,'tt3714492'),(2800,2497,'tt3809960'),(2801,2498,'tt6237268'),(2802,2499,'tt6165936'),(2803,2500,'tt1255919'),(2804,2501,'tt5076150'),(2805,2502,'tt5718046'),(2806,2503,'tt6802950'),(2807,2504,'tt5192674'),(2808,2505,'tt6111980'),(2809,2505,'tt1477834'),(2810,2506,'tt3079568'),(2811,2507,'tt7407296'),(2812,2508,'tt4824316'),(2813,2508,'tt6992230'),(2814,2509,'tt5427194'),(2815,2510,'tt4991112'),(2816,2511,'tt5056842'),(2817,2512,'tt6236780'),(2818,2513,'tt5493944'),(2819,2514,'tt6183104'),(2820,2515,'tt3908826'),(2821,2515,'tt3334418'),(2822,2516,'tt4444732'),(2823,2517,'tt6412452'),(2824,2518,'tt6535838'),(2825,2519,'tt3339376'),(2826,2520,'tt6987770'),(2827,2521,'tt3778644'),(2828,2522,'tt5165620'),(2829,2523,'tt4530422'),(2830,2524,'tt5985672'),(2831,2525,'tt8633296'),(2832,2525,'tt7963218'),(2833,2526,'tt6133466'),(2834,2527,'tt5779372'),(2835,2528,'tt6061074'),(2836,2529,'tt3027994'),(2837,2530,'tt6557704'),(2838,2531,'tt8257624'),(2839,2532,'tt4268054'),(2840,2533,'tt8050266'),(2841,2534,'tt6051096'),(2842,2535,'tt7476438'),(2843,2536,'tt4584718'),(2844,2536,'tt5471472'),(2845,2536,'tt7338690'),(2846,2537,'tt6068406'),(2847,2538,'tt4520518'),(2848,2538,'tt6850766'),(2849,2539,'tt6220752'),(2850,2540,'tt6317236'),(2851,2541,'tt6220752'),(2852,2542,'tt5909334'),(2853,2543,'tt7349910'),(2854,2544,'tt4411234'),(2855,2545,'tt6182908'),(2856,2546,'tt7149916'),(2857,2547,'tt7304194'),(2858,2548,'tt2619512'),(2859,2549,'tt6641528'),(2860,2550,'tt5304992'),(2861,2551,'tt1977094');
/*!40000 ALTER TABLE `actors_linking` ENABLE KEYS */;
UNLOCK TABLES;

--
-- Table structure for table `awards`
--

DROP TABLE IF EXISTS `awards`;
/*!40101 SET @saved_cs_client     = @@character_set_client */;
/*!50503 SET character_set_client = utf8mb4 */;
CREATE TABLE `awards` (
  `award_id` int NOT NULL,
  `award_title` varchar(45) NOT NULL,
  PRIMARY KEY (`award_id`)
) ENGINE=InnoDB DEFAULT CHARSET=utf8;
/*!40101 SET character_set_client = @saved_cs_client */;

--
-- Dumping data for table `awards`
--

LOCK TABLES `awards` WRITE;
/*!40000 ALTER TABLE `awards` DISABLE KEYS */;
INSERT INTO `awards` VALUES (1,'ACTOR IN A LEADING ROLE'),(2,'ACTOR IN A SUPPORTING ROLE'),(3,'ACTRESS IN A LEADING ROLE'),(4,'ACTRESS IN A SUPPORTING ROLE'),(5,'ANIMATED FEATURE FILM'),(6,'CINEMATOGRAPHY'),(7,'COSTUME DESIGN'),(8,'DIRECTING'),(9,'DOCUMENTARY (Feature)'),(10,'DOCUMENTARY (Short Subject)'),(11,'FILM EDITING'),(12,'FOREIGN LANGUAGE FILM'),(13,'MAKEUP AND HAIRSTYLING'),(14,'MUSIC (Original Score)'),(15,'MUSIC (Original Song)'),(16,'BEST PICTURE'),(17,'PRODUCTION DESIGN'),(18,'SHORT FILM (Animated)'),(19,'SHORT FILM (Live Action)'),(20,'SOUND EDITING'),(21,'SOUND MIXING'),(22,'VISUAL EFFECTS'),(23,'WRITING (Adapted Screenplay)'),(24,'WRITING (Original Screenplay)');
/*!40000 ALTER TABLE `awards` ENABLE KEYS */;
UNLOCK TABLES;

--
-- Table structure for table `awards_linking`
--

DROP TABLE IF EXISTS `awards_linking`;
/*!40101 SET @saved_cs_client     = @@character_set_client */;
/*!50503 SET character_set_client = utf8mb4 */;
CREATE TABLE `awards_linking` (
  `awards_linking_id` int NOT NULL,
  `film_id` varchar(45) NOT NULL,
  `award_id` int NOT NULL,
  `award_won` int DEFAULT NULL,
  PRIMARY KEY (`awards_linking_id`),
  KEY `award_id_idx` (`award_id`),
  KEY `film_id_idx` (`film_id`),
  CONSTRAINT `awardslinking_award_id` FOREIGN KEY (`award_id`) REFERENCES `awards` (`award_id`),
  CONSTRAINT `awardslinking_film_id` FOREIGN KEY (`film_id`) REFERENCES `films` (`film_id`)
) ENGINE=InnoDB DEFAULT CHARSET=utf8;
/*!40101 SET character_set_client = @saved_cs_client */;

--
-- Dumping data for table `awards_linking`
--

LOCK TABLES `awards_linking` WRITE;
/*!40000 ALTER TABLE `awards_linking` DISABLE KEYS */;
INSERT INTO `awards_linking` VALUES (1,'tt6266538',1,0),(2,'tt1517451',1,0),(5,'tt6966692',1,0),(6,'tt6966692',2,1),(7,'tt7349662',2,0),(8,'tt1517451',2,0),(9,'tt4595882',2,0),(10,'tt6266538',2,0),(14,'tt1517451',3,0),(15,'tt4595882',3,0),(16,'tt6266538',4,0),(18,'tt7125860',4,1),(21,'tt3606756',5,0),(24,'tt5848272',5,0),(25,'tt4633694',5,1),(30,'tt1517451',6,0),(31,'tt6412452',7,0),(32,'tt1825683',7,1),(34,'tt5028340',7,0),(36,'tt7349662',8,0),(40,'tt6266538',8,0),(51,'tt7349662',11,0),(54,'tt6966692',11,0),(55,'tt6266538',11,0),(63,'tt6266538',13,1),(64,'tt1825683',14,1),(65,'tt7349662',14,0),(66,'tt7125860',14,0),(68,'tt5028340',14,0),(69,'tt1825683',15,0),(71,'tt5028340',15,0),(72,'tt1517451',15,1),(73,'tt6412452',15,0),(74,'tt1825683',16,0),(75,'tt7349662',16,0),(78,'tt6966692',16,1),(80,'tt1517451',16,0),(81,'tt6266538',16,0),(82,'tt1825683',17,1),(84,'tt1213641',17,0),(85,'tt5028340',17,0),(96,'tt6043142',19,1),(97,'tt1825683',20,0),(99,'tt1213641',20,0),(100,'tt6644200',20,0),(102,'tt1825683',21,0),(104,'tt1213641',21,0),(106,'tt1517451',21,0),(107,'tt4154756',22,0),(109,'tt1213641',22,1),(110,'tt1677720',22,0),(111,'tt3778644',22,0),(112,'tt6412452',23,0),(113,'tt7349662',23,1),(114,'tt4595882',23,0),(115,'tt7125860',23,0),(116,'tt1517451',23,0),(119,'tt6966692',24,1),(121,'tt6266538',24,0);
/*!40000 ALTER TABLE `awards_linking` ENABLE KEYS */;
UNLOCK TABLES;

--
-- Table structure for table `directors`
--

DROP TABLE IF EXISTS `directors`;
/*!40101 SET @saved_cs_client     = @@character_set_client */;
/*!50503 SET character_set_client = utf8mb4 */;
CREATE TABLE `directors` (
  `director_id` int NOT NULL,
  `director_name` varchar(45) NOT NULL,
  PRIMARY KEY (`director_id`)
) ENGINE=InnoDB DEFAULT CHARSET=utf8;
/*!40101 SET character_set_client = @saved_cs_client */;

--
-- Dumping data for table `directors`
--

LOCK TABLES `directors` WRITE;
/*!40000 ALTER TABLE `directors` DISABLE KEYS */;
INSERT INTO `directors` VALUES (1,'A.J. Edwards'),(2,'A.J. Martinson'),(3,'A.T. White'),(4,'Aaron Fradkin'),(5,'Aaron Horvath'),(6,'Aaron Jay Rome'),(7,'Aaron K. Carter'),(8,'Aaron Schimberg'),(9,'Abiel Bruhn'),(10,'Abishek J. Bajaj'),(11,'Adam Cushman'),(12,'Adam Davis'),(13,'Adam Krause'),(14,'Adam Marcus'),(15,'Adam McKay'),(16,'Adam Robitel'),(17,'Adam William Ward'),(18,'Adrian Corona'),(19,'Adrian Cruz'),(20,'Adrian Stewart'),(21,'Aeneas Middleton'),(22,'Albert Hughes'),(23,'Alejandro Brugués'),(24,'Alex D\'Lerma'),(25,'Alex Goldberg'),(26,'Alex Hanno'),(27,'Alex Keledjian'),(28,'Alex Magaña'),(29,'Alex O Eaton'),(30,'Alex Pettyfer'),(31,'Alex Ranarivelo'),(32,'Alex Richanbach'),(33,'Alex Ross Perry'),(34,'Alex Sebastian'),(35,'Alexander Raye Pimentel'),(36,'Alexander Salazar'),(37,'Alexander T. Hwang'),(38,'Alexander Wraith'),(39,'Alexandre Nahon'),(40,'Ali Atshani'),(41,'Alister Grierson'),(42,'Amanda Kramer'),(43,'Amara Cash'),(44,'Amariah Olson'),(45,'Amir Motlagh'),(46,'Andrew Bowler'),(47,'Andrew Bujalski'),(48,'Andrew Dean'),(49,'Andrew Donoho'),(50,'Andrew Erwin'),(51,'Andrew Heckler'),(52,'Andrew Hyatt'),(53,'Andrew MacKenzie'),(54,'Andrew P. Jones'),(55,'Andy Mitton'),(56,'Andy Palmer'),(57,'Angelica Zollo'),(58,'Angelo Lopes'),(59,'Anja Murmann'),(60,'Ann Deborah Fishman'),(61,'Ann Lupo'),(62,'Anna Chi'),(63,'Anna Elizabeth James'),(64,'Anne Fletcher'),(65,'Ansel Faraj'),(66,'Ante Novakovic'),(67,'Anthony Abrams'),(68,'Anthony Mandler'),(69,'Anthony Russo'),(70,'Anthony Sabet'),(71,'Antoine Fuqua'),(72,'Antoine Le'),(73,'Antonio James'),(74,'Antonio Pantoja'),(75,'Archie Borders'),(76,'Ari Aster'),(77,'Ari Gold'),(78,'Ari Sandel'),(79,'Art Arutyunyan'),(80,'Ashley Avis'),(81,'Asif Akbar'),(82,'Assaf Bernstein'),(83,'Augustine Frizzell'),(84,'Austin Snell'),(85,'Austin Vesely'),(86,'Autumn McAlpin'),(87,'Ava DuVernay'),(88,'B. Luciano Barsuglia'),(89,'B.A. Lewandowski'),(90,'Babak Najafi'),(91,'Barry Jay'),(92,'Barry Jenkins'),(93,'Becca Gleason'),(94,'Ben Demaree'),(95,'Ben Falcone'),(96,'Ben Hernandez Bray'),(97,'Ben Meyerson'),(98,'Ben Milliken'),(99,'Ben Mullinkosson'),(100,'Ben Nissen'),(101,'Ben Shelton'),(102,'Ben Wilder'),(103,'Ben Young'),(104,'Benjamin Kasulke'),(105,'Benjamin Thomas'),(106,'Bethany Ashton Wolf'),(107,'Bill Holderman'),(108,'Bill Kiely'),(109,'Bill Oliver'),(110,'Bille Woodruff'),(111,'Billy Lewis'),(112,'Billy Senese'),(113,'Blake Harris'),(114,'Bo Burnham'),(115,'Boaz Yakin'),(116,'Bob Giordano'),(117,'Bob Persichetti'),(118,'Bobby Roth'),(119,'Boots Riley'),(120,'Brad Anderson'),(121,'Brad Bird'),(122,'Brad Douglas'),(123,'Brad Peyton'),(124,'Bradley Cooper'),(125,'Brady Corbet'),(126,'Brandon Graham'),(127,'Brant Sersen'),(128,'Brendan Steere'),(129,'Brendan Walter'),(130,'Brent Christy'),(131,'Brett Eichenberger'),(132,'Brett Haley'),(133,'Brett Mullen'),(134,'Brett Simmons'),(135,'Brett Simon'),(136,'Brian A. Metcalf'),(137,'Brian A. Miller'),(138,'Brian Avenet-Bradley'),(139,'Brian Brough'),(140,'Brian Cunningham'),(141,'Brian Hanson'),(142,'Brian Henson'),(143,'Brian Jordan Alvarez'),(144,'Brian M. Conley'),(145,'Brian Newell'),(146,'Brian Skiba'),(147,'Bridey Elliott'),(148,'Bruce Caulk'),(149,'Bruce Logan'),(150,'Bryan Coyne'),(151,'Buz Wallick'),(152,'Caitlin Koller'),(153,'Cameron Nugent'),(154,'Carlos López Estrada'),(155,'Carlos Rincones'),(156,'Carmine Cangialosi'),(157,'Carol Botar'),(158,'Carol Brandt'),(159,'Catherine Dudley-Rose'),(160,'Chantelle Squires'),(161,'Charles Band'),(162,'Charles Stone III'),(163,'Chris Alonso'),(164,'Chris Baxter'),(165,'Chris Blake'),(166,'Chris Dowling'),(167,'Chris Raney'),(168,'Chris Redish'),(169,'Chris Stokes'),(170,'Chris von Hoffmann'),(171,'Chris Weitz'),(172,'Christel Gibson'),(173,'Christian Filippella'),(174,'Christian Gudegast'),(175,'Christian Rivers'),(176,'Christian Vogeler'),(177,'Christina Choe'),(178,'Christina Kallas'),(179,'Christine Crokos'),(180,'Christopher A. Micklos'),(181,'Christopher Forbes'),(182,'Christopher G. Moore'),(183,'Christopher Makoto Yogi'),(184,'Christopher McQuarrie'),(185,'Christopher Pinero'),(186,'Christopher Ray'),(187,'Christopher Robin Hood'),(188,'Chuck Morrongiello'),(189,'Claire Scanlon'),(190,'Clare Niederpruem'),(191,'Clay Kaytis'),(192,'Clay Moffatt'),(193,'Clayton Thompson'),(194,'Clint Eastwood'),(195,'Clive Tonge'),(196,'Cody Clarke'),(197,'Collin Schiffli'),(198,'Conrad Faraj'),(199,'Corin Hardy'),(200,'Craig Deering'),(201,'Craig Goldstein'),(202,'Craig Johnson'),(203,'Craig William Macneill'),(204,'Crystal Moselle'),(205,'Cuba Gooding Jr.'),(206,'Curtis Johnson'),(207,'Cyrus Mirakhor'),(208,'D.C. Hamilton'),(209,'D.J. Red'),(210,'Dakota Aesquivel'),(211,'Dale Fabrigar'),(212,'Dale Neven'),(213,'Dallas Jackson'),(214,'Damien Chazelle'),(215,'Damon Dash'),(216,'Damon Packard'),(217,'Dan Bush'),(218,'Dan Fogelman'),(219,'Dan Gregor'),(220,'Dan Walker'),(221,'Daniel Anghelcev'),(222,'Daniel Campbell'),(223,'Daniel Farrands'),(224,'Daniel Goldhaber'),(225,'Daniel Robbins'),(226,'Daniel Sawka'),(227,'Daniel Stine'),(228,'Daniel Tenenbaum'),(229,'Danny A. Abeckaser'),(230,'Danny Buday'),(231,'Danny Carrales'),(232,'Danny J. Boyle'),(233,'Danny Lee'),(234,'Darren Lynn Bousman'),(235,'Daryl Hannah'),(236,'Daryl Wein'),(237,'Dave Schwep'),(238,'David A. Armstrong'),(239,'David Allensworth'),(240,'David Blue Garcia'),(241,'David Boorboor'),(242,'David de Vos'),(243,'David DeCoteau'),(244,'David Del Rio'),(245,'David G. Evans'),(246,'David Gordon Green'),(247,'David Ian McKendry'),(248,'David Izatt'),(249,'David Jay Willis'),(250,'David L. Cunningham'),(251,'David Leitch'),(252,'David Lowery'),(253,'David M. Rosenthal'),(254,'David McCracken'),(255,'David Robert Mitchell'),(256,'David Singer'),(257,'David Tyson Lam'),(258,'David Wain'),(259,'David Zellner'),(260,'Dean Devlin'),(261,'Dean Matthew Ronalds'),(262,'Debra Granik'),(263,'Dennis Iliadis'),(264,'Dennis L. Reed II'),(265,'Deon Taylor'),(266,'Derek Ahonen'),(267,'Derek Savage'),(268,'Derek Talib'),(269,'Derrick Borte'),(270,'Derrick Sims'),(271,'Desiree Akhavan'),(272,'Devin Adair'),(273,'Devon Downs'),(274,'Devon Parks'),(275,'Dianne Dreyer'),(276,'Diederik Van Rooijen'),(277,'Dimitri Logothetis'),(278,'Director X.'),(279,'Dmitry Yun'),(280,'Dom Frank'),(281,'Dominik Hauser'),(282,'Don Michael Paul'),(283,'Don Tjernagel'),(284,'Donald F. Glut'),(285,'Doug Campbell'),(286,'Drew Barnhardt'),(287,'Drew Bolton'),(288,'Drew Goddard'),(289,'Duncan Skiles'),(290,'Dustin Fairbanks'),(291,'Dustin Ferguson'),(292,'Dylan Reynolds'),(293,'Eddie Alcazar'),(294,'Eddie Lengyel'),(295,'Edgar Michael Bravo'),(296,'Eduardo Castrillo'),(297,'Edward Zwick'),(298,'Eli Roth'),(299,'Elissa Down'),(300,'Elizabeth Blake-Thomas'),(301,'Elizabeth Chomko'),(302,'Elle Callahan'),(303,'Elliot Feld'),(304,'Elsa Garagarza'),(305,'Emilio Estevez'),(306,'Emma Forrest'),(307,'Emma Tammi'),(308,'Eric Bilitch'),(309,'Eric Bross'),(310,'Eric Champnella'),(311,'Eric Colley'),(312,'Eric England'),(313,'Eric Welch'),(314,'Erik Bloomquist'),(315,'Erik Kristopher Myers'),(316,'Etan Cohen'),(317,'Ethan Coen'),(318,'Ethan Hawke'),(319,'Eugene Kotlyarenko'),(320,'Eva Vives'),(321,'Fabien Constant'),(322,'Faraday Okoro'),(323,'Federico D\'Alessandro'),(324,'Felix van Groeningen'),(325,'Fernando Alle'),(326,'Francis Lawrence'),(327,'Frank Coraci'),(328,'Fred Grant'),(329,'Fritz Böhm'),(330,'Fulvio Sestito'),(331,'Gabriel Judet-Weinshel'),(332,'Gabriela Ledesma'),(333,'Gaelan Connell'),(334,'Garrett Kruithof'),(335,'Gary Ross'),(336,'Genndy Tartakovsky'),(337,'George A. Johnson'),(338,'George Loomis'),(339,'George Tillman Jr.'),(340,'Georges Padey'),(341,'Gerard McMurray'),(342,'Giorgio Serafini'),(343,'Grant Duffrin'),(344,'Greg Berlanti'),(345,'Gregory Lamberson'),(346,'Gregory Plotkin'),(347,'Gregory Rocco'),(348,'Guillermo Iván'),(349,'Gus Krieger'),(350,'Guy Nattiv'),(351,'H.P. Mendoza'),(352,'Hank Braxtan'),(353,'Hannah Fidell'),(354,'Hannah Marks'),(355,'Hans Stjernswärd'),(356,'Harley Wallen'),(357,'Harold Cronk'),(358,'Harry Locke IV'),(359,'Harvey Lowry'),(360,'Haynze Whitmore'),(361,'Heather Graham'),(362,'Henry Dunham'),(363,'Henry Jacobson'),(364,'Holden Andrews'),(365,'Hunter West'),(366,'Ian Edelman'),(367,'Ian Samuels'),(368,'Ike Barinholtz'),(369,'Ilana Rein'),(370,'Irin Daniels'),(371,'Isak Borg'),(372,'J. Horton'),(373,'J.A. Bayona'),(374,'J.J. Alani'),(375,'Jack C. Newell'),(376,'Jacky St. James'),(377,'Jake Castorena'),(378,'Jake Szymanski'),(379,'Jake Thomas Armbruster'),(380,'Jamaal Burden'),(381,'James Bickert'),(382,'James Bird'),(383,'James Cardoza'),(384,'James Cox'),(385,'James Dylan'),(386,'James Foley'),(387,'James Franco'),(388,'James Kondelik'),(389,'James McTeigue'),(390,'James Morosini'),(391,'James Nunn'),(392,'James Oakley'),(393,'James Ojala'),(394,'James Wan'),(395,'Jamie Paolinetti'),(396,'Janaya Black'),(397,'Jared Bentley'),(398,'Jared Cohn'),(399,'Jared Stern'),(400,'Jarret Tarnol'),(401,'Jason DeVan'),(402,'Jason Lester'),(403,'Jason Murphy'),(404,'Jason Noto'),(405,'Jason Pagnoni'),(406,'Jason Reitman'),(407,'Jason Saltiel'),(408,'Jason Trost'),(409,'Jason Winn'),(410,'Jaume Collet-Serra'),(411,'Jay Chandrasekhar'),(412,'Jay Silverman'),(413,'Jean-Claude La Marre'),(414,'Jeff Celentano'),(415,'Jeff Fisher'),(416,'Jeff Hare'),(417,'Jeff Houkal'),(418,'Jeff Kirkendall'),(419,'Jeff Tomsic'),(420,'Jeff Wadlow'),(421,'Jeffrey Scott Collins'),(422,'Jen McGowan'),(423,'Jenica Bergere'),(424,'Jenn Wexler'),(425,'Jenna Laurenzo'),(426,'Jennifer Fox'),(427,'Jennifer Hulum'),(428,'Jennifer Yuh Nelson'),(429,'Jensen Noen'),(430,'Jeremiah Kipp'),(431,'Jeremiah Zagar'),(432,'Jeremy Saulnier'),(433,'Jeremy Ungar'),(434,'Jérôme Cohen-Olivar'),(435,'Jerry G. Angelo'),(436,'Jesper Ganslandt'),(437,'Jess Bond'),(438,'Jesse Low'),(439,'Jesse Peretz'),(440,'Jezar Riches'),(441,'Jillian Clare'),(442,'Jim Cummings'),(443,'Jim Hickcox'),(444,'Jim Loach'),(445,'Joaquin Perea'),(446,'Jodi Binstock'),(447,'Jody Hill'),(448,'Joe Chappelle'),(449,'Joe Crump'),(450,'Joe Eddy'),(451,'Joe Leone'),(452,'Joe Menendez'),(453,'Joe Salcedo'),(454,'Joel Novoa'),(455,'Joel Potrykus'),(456,'Johan Bodell'),(457,'Johannes Roberts'),(458,'John Francis Daley'),(459,'John Grooters'),(460,'John Hyams'),(461,'John Krasinski'),(462,'John Pogue'),(463,'John R. Hand'),(464,'John Reign'),(465,'John Schultz'),(466,'John Stimpson'),(467,'Johnny Martin'),(468,'Johnny Reeves'),(469,'Jon Garcia'),(470,'Jon Kauffman'),(471,'Jon Knautz'),(472,'Jon M. Chu'),(473,'Jon Turteltaub'),(474,'Jonah Hill'),(475,'Jonathan Baker'),(476,'Jonathan Holbrook'),(477,'Jonathan Watson'),(478,'Jonathon Klimek'),(479,'Jonathon Schermerhorn'),(480,'Jordan Blady'),(481,'Jordan Downey'),(482,'Jordana Spiro'),(483,'Joseph Ciminera'),(484,'Joseph Mazzaferro'),(485,'Joseph Mbah'),(486,'Josephine Decker'),(487,'Josh F. Huber'),(488,'Josh Gerritsen'),(489,'Josh Klausner'),(490,'Josh Mendoza'),(491,'Josh Stifter'),(492,'Josh Webber'),(493,'Joshua Land'),(494,'Joshua Leonard'),(495,'Joshua Marston'),(496,'Jude S. Walko'),(497,'Judy San Roman'),(498,'Julia Hart'),(499,'Julian Richards'),(500,'Julius Avery'),(501,'Julius Onah'),(502,'Julius R. Nasso'),(503,'Justin Daly'),(504,'Justin Foia'),(505,'Justin Kelly'),(506,'Justin Lee'),(507,'Justin Lewis'),(508,'Justin MacGregor'),(509,'Justin Petty'),(510,'Justin Price'),(511,'Juven Cavazos'),(512,'Kamal Ahmed'),(513,'Karey Kirkpatrick'),(514,'Karyn Kusama'),(515,'Katie Fleischer'),(516,'Kay Cannon'),(517,'Ken Barbet'),(518,'Ken Carlson'),(519,'Ken Kushner'),(520,'Ken Locsmandi'),(521,'Ken Marino'),(522,'Kendall Goldberg'),(523,'Kent Jones'),(524,'Kevin Forrest'),(525,'Kevin Kangas'),(526,'Kevin O\'Brien'),(527,'Kevin Peeples'),(528,'Kevin Van Stevenson'),(529,'Kevin VanHook'),(530,'Kristin Fairweather'),(531,'Kuba Luczkiewicz'),(532,'Kurt Knight'),(533,'Kurtis Spieler'),(534,'Kyle Newacheck'),(535,'Kyle Rankin'),(536,'Kyle Schadt'),(537,'Lance Polland'),(538,'Lance Tracy'),(539,'Laron Austin'),(540,'Larry Clark'),(541,'Lasse Hallström'),(542,'Laura Madalinski'),(543,'Laura Somers'),(544,'Laura Steinel'),(545,'Laura Terruso'),(546,'Lauren Miller Rogen'),(547,'Laurie Collyer'),(548,'Lehr Beidelschies'),(549,'Leif Rokesh'),(550,'Leigh Whannell'),(551,'Leslie Bloom'),(552,'Lian Lunson'),(553,'Lin Oeding'),(554,'Lisa France'),(555,'Lisa van Dam-Bates'),(556,'Logan Hall'),(557,'Luciana Faulhaber'),(558,'Luke Guidici'),(559,'Luke Jaden'),(560,'Lundon Boyd'),(561,'Lynne Southerland'),(562,'Madeleine Olnek'),(563,'Malachi Cull'),(564,'Malcolm D. Lee'),(565,'Marc Fusco'),(566,'Marc Hampson'),(567,'Marc Turtletaub'),(568,'Marcel Walz'),(569,'Maria Allred'),(570,'Maria Biltz'),(571,'Maria Burton'),(572,'Marianna Palka'),(573,'Marielle Heller'),(574,'Mario Sorrenti'),(575,'Mario Van Peebles'),(576,'Marja-Lewis Ryan'),(577,'Mark Allen Michaels'),(578,'Mark Brown'),(579,'Mark Cantu'),(580,'Mark Drury Taylor'),(581,'Mark Forstmann'),(582,'Mark Harris'),(583,'Mark Landre Gould'),(584,'Mark Pellington'),(585,'Mark Polonia'),(586,'Martin Zandvliet'),(587,'Mary Harron'),(588,'Maryam Keshavarz'),(589,'Matt Beurois'),(590,'Matt Hartley'),(591,'Matt Kugelman'),(592,'Matt Osterman'),(593,'Matt Riddlehoover'),(594,'Matthew Brown'),(595,'Matthew Charles Santoro'),(596,'Matthew Montgomery'),(597,'Matthew Wilson'),(598,'Maude Michaud'),(599,'Max Porter'),(600,'Maximilian Elfeldt'),(601,'Megan Griffiths'),(602,'Mélanie Laurent'),(603,'Melanie Mayron'),(604,'Melissa Miller Costanzo'),(605,'Mercedes Bryce Morgan'),(606,'Meredith Danluck'),(607,'Michael A. MacRae'),(608,'Michael A. Nickles'),(609,'Michael Babbitt'),(610,'Michael Caton-Jones'),(611,'Michael Chrisoulakis'),(612,'Michael Crum'),(613,'Michael Curtis Johnson'),(614,'Michael Doneger'),(615,'Michael Feifer'),(616,'Michael G. Cooney'),(617,'Michael Greene'),(618,'Michael J. Gallagher'),(619,'Michael K. Feinstein'),(620,'Michael Leavy'),(621,'Michael Mason'),(622,'Michael Mayer'),(623,'Michael Oblowitz'),(624,'Michael S. Rodriguez'),(625,'Michael Stevantoni'),(626,'Michael Steves'),(627,'Michael Tully'),(628,'Michael Winnick'),(629,'Michelle Iannantuono'),(630,'Miguel Arteta'),(631,'Miguel Duran'),(632,'Mike Boss'),(633,'Mike P. Nelson'),(634,'Mike Rohl'),(635,'Mikey McGregor'),(636,'Mimi Leder'),(637,'Miranda Bailey'),(638,'Misty Talley'),(639,'Mitch Gould'),(640,'Mitzi Peirone'),(641,'Nadeem Soumah'),(642,'Namrata Singh Gujral'),(643,'Nancy Criss'),(644,'Nathan D. Lee'),(645,'Nathan Leon'),(646,'Nathan Silver'),(647,'Ned Ehrbar'),(648,'Neil Breen'),(649,'Nia DaCosta'),(650,'Nicholas Barton'),(651,'Nicholas Gyeney'),(652,'Nicholas Tana'),(653,'Nicholas Woods'),(654,'Nick Chakwin'),(655,'Nick Everhart'),(656,'Nick Lang'),(657,'Nick Rapuano'),(658,'Nick Searcy'),(659,'Nick Wauters'),(660,'Nico Sabenorio'),(661,'Nicolai Fuglsig'),(662,'Nicolas Pesce'),(663,'Nicole Holofcener'),(664,'Nigel Bach'),(665,'Nijla Mumin'),(666,'Nina Paley'),(667,'Nino Aldi'),(668,'Oded Binnun'),(669,'Oliver Daly'),(670,'Olivia Milch'),(671,'Olivia Newman'),(672,'Ondi Timoner'),(673,'Orson Oblowitz'),(674,'Otto Bathurst'),(675,'Owen Egerton'),(676,'Owen Long'),(677,'Padraig Reynolds'),(678,'Pat Bradley'),(679,'Patrick Alessandrin'),(680,'Patrick Cunningham'),(681,'Patrick Magee'),(682,'Patrick Meaney'),(683,'Patrick Wang'),(684,'Paul Becker'),(685,'Paul Chau'),(686,'Paul Dano'),(687,'Paul Kampf'),(688,'Paul Kramer'),(689,'Paul Lieberstein'),(690,'Paul Osborne'),(691,'Paul Salamoff'),(692,'Paul Sanchez'),(693,'Paul Weitz'),(694,'Paulina Lagudi Ulrich'),(695,'Paulo Biscaia Filho'),(696,'Perry Lang'),(697,'Peter Berg'),(698,'Peter Daskaloff'),(699,'Peter Facinelli'),(700,'Peter Farrelly'),(701,'Peter Hedges'),(702,'Peter Hutchings'),(703,'Peter Markle'),(704,'Peter Odiorne'),(705,'Peter Segal'),(706,'Peter Sullivan'),(707,'Peyton Reed'),(708,'Phil Allocco'),(709,'Phil Blattenberger'),(710,'Phil Gorn'),(711,'Phil Johnston'),(712,'Philip Chidel'),(713,'Philip Gelatt'),(714,'Phoebe Dollar'),(715,'Pia Mechler'),(716,'Polly Draper'),(717,'Princeton Holt'),(718,'Qasim Basir'),(719,'R. Michael Givens'),(720,'R.D. Womack II'),(721,'Rachel Carey'),(722,'Rafael Friedan'),(723,'Raghav Peri'),(724,'Ralph Sepe'),(725,'Ramin Bahrani'),(726,'Raymond Wood'),(727,'Reinaldo Marcus Green'),(728,'Rene Perez'),(729,'Rhyan LaMarr'),(730,'Richard Blake'),(731,'Richard Griffin'),(732,'Richard Lowry'),(733,'Richard Shepard'),(734,'Rick Alverson'),(735,'Ricky D\'Ambrose'),(736,'Ricky Umberger'),(737,'Rob Greenberg'),(738,'Rob Marshall'),(739,'Rob Pallatina'),(740,'Rob Schulbaum'),(741,'Rob Williams'),(742,'Robert D. Krzykowski'),(743,'Robert Deaton'),(744,'Robert Logevall'),(745,'Robert Malenfant'),(746,'Robert Mearns'),(747,'Robert Paschall Jr.'),(748,'Robert Schwartzman'),(749,'Robert Scott Wildes'),(750,'Robert Siegel'),(751,'Robert Smigel'),(752,'Robert Vince'),(753,'Rod Roberts'),(754,'Rodney Ray'),(755,'Roger Hill'),(756,'Romany Malco'),(757,'Ron Howard'),(758,'Ronnie Khalil'),(759,'Royston Innes'),(760,'Rudolf Buitendach'),(761,'Rusty Cundieff'),(762,'Ruth Du'),(763,'Ryan Bellgardt'),(764,'Ryan Callaway'),(765,'Ryan Coogler'),(766,'Ryan Eslinger'),(767,'Ryan Koo'),(768,'Ryan Smithee'),(769,'Ryland Brickson Cole Tews'),(770,'Sam Irvin'),(771,'Sam Levinson'),(772,'Sam Liu'),(773,'Sam Taylor-Johnson'),(774,'Samuel Omole'),(775,'Sandra L. Martin'),(776,'Santino Campanelli'),(777,'Sara Colangelo'),(778,'Sara Zandieh'),(779,'Sarah Daggar-Nickson'),(780,'Scott A. Hamilton'),(781,'Scott Douglas Brown'),(782,'Scott Schirmer'),(783,'Scott Speer'),(784,'Sean Anders'),(785,'Sean Cain'),(786,'Sean Hanish'),(787,'Sean McGinly'),(788,'Sean McNamara'),(789,'Sean Michael Beyer'),(790,'Sean Olson'),(791,'Sean Patrick O\'Reilly'),(792,'Sebastian Gutierrez'),(793,'Sebastián Silva'),(794,'Serge Levin'),(795,'Seth Fuller'),(796,'Shane Barbanel'),(797,'Shane Black'),(798,'Shane Stanley'),(799,'Shaquita Smith'),(800,'Sharon Wilharm'),(801,'Shawn Burkett'),(802,'Shawn Snyder'),(803,'Shelly Cole'),(804,'Silas Howard'),(805,'Simone Kisiel'),(806,'Sonia Sebastián'),(807,'Sonny Mallhi'),(808,'Spanky Dustin Ward'),(809,'Spike Lee'),(810,'Stacie Passon'),(811,'Stacy Cochran'),(812,'Stefano Sollima'),(813,'Stella Meghie'),(814,'Stephan Schultze'),(815,'Stephanie Laing'),(816,'Stephen Cognetti'),(817,'Stephen Kogon'),(818,'Stephen Michael Giglio'),(819,'Stephen Moyer'),(820,'Stephen Portland'),(821,'Stephen Susco'),(822,'Stevan Mena'),(823,'Steve Anderson'),(824,'Steve Clark'),(825,'Steve Kopera'),(826,'Steven Caple Jr.'),(827,'Steven Fine'),(828,'Steven Judd'),(829,'Steven Luke'),(830,'Steven Perez'),(831,'Steven Salgado'),(832,'Steven Soderbergh'),(833,'Steven Spielberg'),(834,'Stewart Wade'),(835,'Susan Johnson'),(836,'Susanne Bier'),(837,'Suzi Yoonessi'),(838,'Suzuya Bobo'),(839,'Svend Ploug Johansen'),(840,'Sylvain White'),(841,'Takashi Doscher'),(842,'Tamar Halpern'),(843,'Tamara Jenkins'),(844,'Tati Vogt'),(845,'Tawan Bazemore'),(846,'Tchaiko Omawale'),(847,'Teddy Smith'),(848,'Theresa Bennett'),(849,'Thomas Hennessy'),(850,'Tim Janis'),(851,'Tim Kirkby'),(852,'Tim Rouhana'),(853,'Tim Sutton'),(854,'Timothy Woodward Jr.'),(855,'Timur Bekmambetov'),(856,'Todd Bartoo'),(857,'Todd Berger'),(858,'Todd Jenkins'),(859,'Todd L. Green'),(860,'Tom Huang'),(861,'Tom Konkle'),(862,'Tom Metz III'),(863,'Tom Nagel'),(864,'Tom Oesch'),(865,'Tom Shadyac'),(866,'Tom Shell'),(867,'Tommy Bertelsen'),(868,'Tonjia Atomic'),(869,'Tony Germinario'),(870,'Tony Glazer'),(871,'Tony Trov'),(872,'Tony Vidal'),(873,'Tony Wash'),(874,'Tony West'),(875,'Tosca Musk'),(876,'Travis Stevens'),(877,'Tremain Hayhoe'),(878,'Trevor Stevens'),(879,'Trey Haley'),(880,'Troy Escamilla'),(881,'Turner Clay'),(882,'Ty Roberts'),(883,'Tyler Perry'),(884,'Tyler Russell'),(885,'Tyler Spindel'),(886,'Usher Morgan'),(887,'Victor Levin'),(888,'Victoria Sutton'),(889,'Vivieno Caldinelli'),(890,'Vlad Yudin'),(891,'Von Bilka'),(892,'Wallace Brothers'),(893,'Warren Pemberton'),(894,'Wayne Harry Johnson Jr.'),(895,'Wayne Roberts'),(896,'Wes Ball'),(897,'Wes Miller'),(898,'Will Gluck'),(899,'Will McFadden'),(900,'William Dickerson'),(901,'William Fichtner'),(902,'Yann Demange'),(903,'Yedidya Gorsetman'),(904,'Yen Tan'),(905,'York Alec Shackleton'),(906,'Zach Golden'),(907,'Zack Wilcox'),(908,'Zak Knutson');
/*!40000 ALTER TABLE `directors` ENABLE KEYS */;
UNLOCK TABLES;

--
-- Table structure for table `films`
--

DROP TABLE IF EXISTS `films`;
/*!40101 SET @saved_cs_client     = @@character_set_client */;
/*!50503 SET character_set_client = utf8mb4 */;
CREATE TABLE `films` (
  `film_id` varchar(45) NOT NULL,
  `film_title` varchar(45) NOT NULL,
  `release_date` date NOT NULL,
  `director_id` int DEFAULT NULL,
  `imdb_rating` double DEFAULT NULL,
  `genre_id` int NOT NULL,
  PRIMARY KEY (`film_id`),
  KEY `director_id_idx` (`director_id`),
  KEY `genre_id_idx` (`genre_id`),
  CONSTRAINT `film_director_id` FOREIGN KEY (`director_id`) REFERENCES `directors` (`director_id`),
  CONSTRAINT `film_genre_id` FOREIGN KEY (`genre_id`) REFERENCES `genre` (`genre_id`)
) ENGINE=InnoDB DEFAULT CHARSET=utf8;
/*!40101 SET character_set_client = @saved_cs_client */;

--
-- Dumping data for table `films`
--

LOCK TABLES `films` WRITE;
/*!40000 ALTER TABLE `films` DISABLE KEYS */;
INSERT INTO `films` VALUES ('tt0360556','Fahrenheit 451','2018-07-26',336,6.2,7),('tt0427543','A Million Little Pieces','2018-03-20',612,5.9,7),('tt0859635','Super Troopers 2','2019-01-25',471,5.4,5),('tt0972544','Back Roads','2018-06-15',464,4.2,6),('tt10207850','Killer in Law','2018-10-16',291,4.9,16),('tt10411954','Hometown Killer','2019-09-12',126,5.9,16),('tt10515340','At the Door','2019-07-09',281,2.8,10),('tt1137450','Death Wish','2018-10-12',355,6.3,1),('tt1213641','First Man','2020-10-06',339,6.7,4),('tt1226837','Beautiful Boy','2018-09-19',40,4.9,4),('tt1255919','Holmes & Watson','2018-04-13',532,4.4,5),('tt1259528','Den of Thieves','2018-09-07',109,5.5,1),('tt1285009','The Strangers: Prey at Night','2018-04-15',98,5.2,10),('tt1308728','The Happytime Murders','1905-07-10',389,3,1),('tt1389098','Mapplethorpe','2019-03-05',451,4.7,4),('tt1413492','12 Strong','2018-12-14',905,7,1),('tt1458902','2050','2018-09-28',191,5.1,7),('tt1477834','Aquaman','2018-10-26',643,3.5,1),('tt1502407','Halloween','2018-09-22',417,5.5,6),('tt1517451','A Star Is Born','2018-05-31',345,7.6,7),('tt1563742','Overboard','2019-11-22',1,6,5),('tt1571234','Mortal Engines','2018-09-04',507,4.5,1),('tt1590193','The Commuter','2018-06-22',408,5.6,1),('tt1620680','A Wrinkle in Time','2018-12-21',837,6.6,2),('tt1662546','Daddy\'s Girl','2018-06-07',374,6.2,6),('tt1677720','Ready Player One','2018-01-09',201,3.4,1),('tt1690967','Come Sunday','2018-04-27',102,5.8,4),('tt1759744','Charlie Says','2019-01-18',730,4.6,4),('tt1773753','Mara','2018-07-18',99,3.7,6),('tt1780790','Catskill Park','2018-12-14',729,3.1,10),('tt1825683','Black Panther','2018-02-02',37,4.8,1),('tt1843303','The VelociPastor','2019-03-14',136,5.2,1),('tt1884378','7 Splinters in Time','2018-12-01',840,4.6,12),('tt1885325','Heaven\'s War','2018-08-24',367,5.8,9),('tt1922544','All These Small Moments','2018-02-02',488,5.5,7),('tt1937340','Beyond Paradise','2018-06-10',87,5.3,7),('tt1971310','5 Weddings','2018-04-10',858,5.4,5),('tt1977094','Beyond White Space','2018-10-30',800,2.3,14),('tt1999890','Hell Fest','2018-10-26',392,4.9,10),('tt2011311','The Outsider','2018-02-25',357,5.5,1),('tt2069797','Delirium','2019-12-19',356,3.7,10),('tt2098669','Dirty Dealing 3D','2018-05-22',580,3.1,7),('tt2119543','The House with a Clock in Its Walls','2018-09-28',433,5.6,5),('tt2126357','Second Act','2018-10-26',415,6.7,5),('tt2139869','Family Games','1905-07-10',771,4.9,5),('tt2140629','Arizona','2018-01-01',269,4,5),('tt2160105','I Still See You','2018-11-28',224,4.7,9),('tt2201211','A Boy Called Sailboat','2018-04-01',755,5.4,5),('tt2205762','Model Home','2018-03-01',327,6.6,7),('tt2226440','Dead Men','2018-03-30',884,5.8,1),('tt2231461','Rampage','2018-06-08',82,2.1,1),('tt2233979','Beatus','2018-05-11',445,6.3,7),('tt2243900','Trouble Is My Business','2019-01-01',405,5.4,1),('tt2315596','Galveston','2018-11-13',530,3.1,1),('tt2377752','The Truth About Lies','2018-02-06',683,3.3,5),('tt2482856','The Church','2018-05-27',427,7.2,10),('tt2490148','Fury of the Fist and the Golden Fleece','2018-11-25',605,5.5,1),('tt2530316','Beauty & the Beholder','2018-04-24',146,4.3,5),('tt2531344','Blockers','2018-10-26',561,6.4,5),('tt2548396','The Cloverfield Paradox','2018-10-05',206,4.8,1),('tt2606314','Caretakers','2018-04-22',803,5.9,12),('tt2619512','The Big Take','2018-11-01',555,5.1,5),('tt2651724','Wastelander','2018-06-13',507,4.9,1),('tt2670882','Measure of a Man','2018-02-09',230,3.8,5),('tt2690634','The Bad Guys','2018-03-03',809,5.3,5),('tt2704998','Game Night','2018-02-23',795,5.4,1),('tt2737304','Bird Box','2018-06-01',799,5.6,7),('tt2762662','Better Start Running','2018-06-09',243,5.5,1),('tt2825596','Pretenders','2018-04-12',147,3.5,7),('tt2837574','The Old Man & the Gun','2018-12-06',148,4.3,4),('tt2850272','All Rise','2018-10-26',695,4.6,7),('tt2854926','Tag','2018-01-23',773,6.7,1),('tt2873282','Red Sparrow','2018-04-06',599,5.6,1),('tt2924392','Higher Power','2019-09-20',270,6.1,1),('tt2936390','Battle Drone','2018-11-30',466,5.3,1),('tt2987806','Don\'t Open Your Eyes','2019-07-10',23,5.5,7),('tt2990140','The Christmas Chronicles','2018-11-09',322,4.4,2),('tt3024324','Kill Game','2018-10-01',455,4.1,10),('tt3027994','A Lonely Woman','2018-11-13',386,2.5,1),('tt3060390','Lawless Range','2018-05-01',132,6,7),('tt3064338','Mutant Blast','2018-06-12',733,4.9,1),('tt3068544','Days of Power','2018-03-01',621,6,1),('tt3070506','Don\'t Look','2018-12-23',657,8.7,10),('tt3079568','Minutes to Midnight','2018-08-14',708,7.1,1),('tt3104988','Crazy Rich Asians','2019-03-29',524,6.7,5),('tt3107166','Pimp','2020-07-31',770,5.2,6),('tt3113836','Strange Nature','2019-10-01',748,6.3,7),('tt3120280','Sierra Burgess Is a Loser','2018-10-18',79,5.6,5),('tt3127016','Sharon 1.2.3.','2019-11-08',546,6,5),('tt3131050','Delirium','2018-07-20',737,4.6,10),('tt3142428','The Perfect Host: A Southern Gothic Tale','2018-09-11',86,4.6,7),('tt3201640','Extinction','2018-10-18',198,5.6,1),('tt3201736','Run the Race','2018-10-12',602,5.9,7),('tt3203528','Bad Samaritan','2018-10-16',346,3.8,6),('tt3220900','Adolescence','2018-05-08',10,3.9,7),('tt3240102','Solace','2018-01-22',835,6.8,7),('tt3263946','Trial by Fire','2018-11-22',699,4.6,4),('tt3277446','As Worlds Collide','2018-10-13',60,5.3,16),('tt3289080','Asylum of Fear','2018-11-22',192,7.1,10),('tt3294746','The Public','2018-09-30',849,5.2,7),('tt3309874','Eleven Eleven','2018-04-12',152,4.1,5),('tt3313182','The White Orchid','2018-07-13',120,6.9,7),('tt3317234','Game Over, Man!','2018-04-06',768,5.9,1),('tt3329456','Heartlock','2018-04-03',857,2.8,6),('tt3330948','For the Love of George','2019-03-29',573,5,5),('tt3334418','Living Among Us','2018-02-08',387,4.5,5),('tt3339376','Chop Shop','2018-05-14',168,3.5,10),('tt3373410','Troy: The Resurrection of Aeneas','2018-06-15',777,5.4,3),('tt3396114','Christmas in the Heartland','2018-07-05',420,6.5,8),('tt3418064','A Place in Hell','2018-10-25',142,5.4,10),('tt3444206','Before Someone Gets Hurt','2019-01-03',472,5.4,10),('tt3451984','Another Time','2018-09-27',810,7.5,2),('tt3458510','Dude','2020-04-01',558,2.8,5),('tt3486210','Relentless','2018-10-21',781,6.3,16),('tt3487610','Malevolence 3: Killer','2019-02-08',117,4.7,10),('tt3496790','Lez Bomb','2019-04-19',499,6,5),('tt3503068','Deadtectives','2019-03-05',575,4.3,5),('tt3526622','Slay Belles','2019-09-20',364,6,2),('tt3543918','The Second Coming of Christ','2019-02-12',802,3.4,1),('tt3563342','The Middle of X','1905-07-10',537,4.8,7),('tt3565066','Dance Baby Dance','2018-11-16',493,5.3,7),('tt3588588','Backtrace','2018-06-06',296,5.1,1),('tt3606756','Incredibles 2','2018-08-17',700,5.6,3),('tt3616934','Blood, Sand and Gold','2018-06-24',867,5.3,1),('tt3619070','Tell Me Your Name','2018-10-02',660,3,7),('tt3628574','State Like Sleep','2019-01-31',667,7.2,7),('tt3643544','Glass Jaw','2020-07-20',678,5.3,7),('tt3661570','Pretty Broken','2018-03-16',548,5.5,5),('tt3665498','Beyond the Sky','2018-08-17',836,7.1,12),('tt3685236','Ibiza','2018-12-16',791,5,5),('tt3685490','Avalanche','2018-02-20',406,3.3,5),('tt3692082','The 16th Episode','2018-07-26',623,5.7,10),('tt3714492','Hello I Love You','2018-09-04',819,2.6,5),('tt3759912','Ladyworld','2018-02-02',59,2.6,16),('tt3764198','Hibiscus','2018-01-06',786,3.3,5),('tt3766354','The Equalizer 2','2018-08-24',314,5.7,1),('tt3766382','Public Disturbance','2018-06-14',388,3.2,5),('tt3767278','Bayou Caviar','2018-03-16',313,5.1,6),('tt3769038','Body Keepers','2019-02-08',307,5.1,16),('tt3778644','Solo: A Star Wars Story','2018-05-04',261,6.4,1),('tt3779414','Parker\'s Anchor','2018-03-03',67,3.6,5),('tt3809960','Treasure Hunter: Legend of the White Witch','2018-01-05',375,5.7,1),('tt3829266','The Predator','2018-06-21',509,5.1,1),('tt3846674','To All the Boys I\'ve Loved Before','2018-12-04',250,5.3,5),('tt3892172','Leave No Trace','2020-01-03',682,4.9,7),('tt3895908','Seeds','2019-06-20',896,6.7,10),('tt3908826','Deadly Crush','2019-11-12',209,6.1,10),('tt3920820','Brian Banks','2020-02-14',57,4.8,4),('tt3923004','Lake Alice','2018-04-17',633,5.2,1),('tt3956336','American Dresser','2018-02-14',766,7.3,2),('tt3960240','The After Party','2019-07-12',674,5,5),('tt3968088','Sophie Gold, the Diary of a Gold Digger','2018-01-09',378,6.6,7),('tt4015500','The Tale','1905-07-10',484,3.2,7),('tt4057146','I\'ll Be Next Door for Christmas','2018-07-27',104,5.8,5),('tt4073790','The Darkest Minds','2018-02-23',437,3.5,1),('tt4080400','Fear, Love, and Agoraphobia','2019-10-25',139,5.2,5),('tt4087816','Interlaced','2018-10-31',272,6.6,10),('tt4103470','Mistrust','2018-06-18',469,6.9,7),('tt4103724','Forever My Girl','2018-06-13',853,6.2,7),('tt4113346','The City of Gold','2018-03-01',640,5.2,1),('tt4123650','Alterscape','2018-03-11',28,5.2,1),('tt4154756','Avengers: Infinity War','2018-10-26',684,6.9,1),('tt4168280','At the End of the Day','2018-07-10',55,4.7,5),('tt4180556','Affairs of State','2018-08-10',487,6.4,7),('tt4202970','Exit 14','2018-02-28',497,3.4,10),('tt4218998','Inhumane','2018-10-13',208,5,16),('tt4224754','Tiger','2018-12-25',118,8.4,7),('tt4229864','Eat Me','2018-11-02',884,4.8,7),('tt4244998','Alpha','2019-12-17',543,4.2,1),('tt4264610','Shifting Gears','2018-12-07',31,6.6,1),('tt4268054','Monsoon','2018-11-25',456,5.9,7),('tt4286760','High Resolution','2018-02-06',567,5.2,7),('tt4287234','Broken Star','2018-08-03',848,4.8,16),('tt4287470','West of Hell','2020-04-01',145,4.4,9),('tt4312842','American Exorcist','2018-09-14',865,6.3,5),('tt4347994','Three Worlds','2019-07-01',424,5.1,7),('tt4357394','Tau','2018-09-04',767,6.2,14),('tt4360924','Blackmark','2018-03-23',512,2.6,1),('tt4369136','Hide in the Light','2018-08-07',617,5.6,10),('tt4372084','Blood Vow','2018-10-23',295,2.9,10),('tt4374864','Los Angeles Overnight','1905-07-10',183,3.8,16),('tt4387314','A Christmas Carol','2019-06-28',435,5.7,9),('tt4411234','Slice','2018-09-23',273,5.8,5),('tt4444732','Waiting for the Miracle to Come','2018-03-13',668,5.1,7),('tt4445490','Following Phil','2019-08-20',71,6,7),('tt4454078','Supercon','2018-10-25',289,7.1,1),('tt4454834','Killing Joan','2018-06-14',557,3.5,1),('tt4465538','Juveniles','2019-02-05',710,3.8,7),('tt4470288','Abnormal Attraction','2018-12-07',352,5.7,2),('tt4477536','Fifty Shades Freed','2018-06-19',554,6,7),('tt4500922','Maze Runner: The Death Cure','2018-05-22',790,5.2,1),('tt4518962','Headgame','2018-05-15',480,3,10),('tt4520518','Darkness Reigns','1905-07-10',103,3.8,10),('tt4524418','Warfighter','2018-12-14',521,4.5,1),('tt4530422','Overlord','2018-04-24',80,2.2,1),('tt4532826','Robin Hood','2018-03-25',860,3.7,1),('tt4537896','White Boy Rick','2018-08-03',547,6.1,6),('tt4538294','Collider','2018-12-08',531,5.1,1),('tt4560436','Mile 22','2018-09-14',850,4.5,1),('tt4572700','Mother Krampus 2: Slay Ride','2018-02-09',600,7.8,10),('tt4578598','Behind the Walls','2018-11-16',290,6.5,10),('tt4580550','The Witch Files','2018-01-28',714,4.2,10),('tt4584718','Imperfections','2018-05-20',726,4.9,5),('tt4594836','Darc','2018-10-11',670,5.3,1),('tt4595882','Can You Ever Forgive Me?','2019-02-21',574,7.1,4),('tt4602554','Sick for Toys','2019-07-25',306,6.6,10),('tt4630466','Virgin Cheerleaders in Chains','2018-10-30',443,7.1,10),('tt4631048','The Texture of Falling','2018-04-23',690,5.5,7),('tt4633694','Spider-Man: Into the Spider-Verse','2018-10-19',284,8.4,3),('tt4638148','Braid','2018-08-14',429,5.7,10),('tt4643048','Night Pulse','2019-05-17',811,5.6,16),('tt4650624','Every 21 Seconds','2018-10-19',101,4.6,7),('tt4669264','Beirut','2018-02-12',202,5.1,1),('tt4669788','On the Basis of Sex','2018-11-27',182,3.2,4),('tt4680368','Dark Iris','2018-06-28',407,7,14),('tt4682136','The Seagull','2018-08-22',337,6.3,5),('tt4682780','Josie','2018-10-12',193,2.6,7),('tt4685806','The Con Is On','2019-09-06',761,4.7,5),('tt4685940','Discarnate','2018-03-12',492,5.8,10),('tt4694366','Mail Order Monster','2018-04-12',124,6.1,7),('tt4694546','The Tempter','2018-09-14',244,4.6,10),('tt4700872','Dead List','2018-06-19',188,3.8,5),('tt4712076','The Long Dumb Road','2018-12-25',317,3.8,5),('tt4712618','Spare Room','2019-01-24',706,5.8,7),('tt4714710','A Nice Quiet Life','2018-04-28',150,4.6,7),('tt4729642','Fantasma','2018-12-13',778,6.7,10),('tt4730224','An Hour to Kill','2018-03-29',863,4.6,1),('tt4738776','Half Magic','2018-11-20',601,2.6,5),('tt4738912','A Horse from Heaven','2019-07-05',61,3.5,8),('tt4761916','Unfriended: Dark Web','2019-04-14',214,3.7,10),('tt4762824','The Legacy of a Whitetail Deer Hunter','2018-12-04',609,5.1,5),('tt4764490','Landing Up','2019-09-27',388,5.1,7),('tt4768586','The Storyteller','2018-05-23',758,6.9,7),('tt4779344','Rounding Third','2018-09-01',170,4.2,7),('tt4779682','The Meg','2018-09-14',694,5.4,1),('tt4782322','Fighting the Sky','2019-09-27',69,5,1),('tt4788744','Unhinged','2019-02-28',812,5.1,16),('tt4789822','Pickings','2018-12-07',611,5.4,1),('tt4791276','Down River','2018-06-08',203,6.3,1),('tt4799066','Midnight Sun','2019-09-17',500,4.2,7),('tt4824316','Armed','2018-04-10',329,3.3,1),('tt4836580','The Dwarves of Demrel','2018-12-01',878,8.4,9),('tt4839118','Black Wake','2018-01-26',360,4.5,10),('tt4840810','Thy Neighbor','2019-11-01',130,5.7,7),('tt4859168','Then Came You','2019-04-04',108,6.1,2),('tt4867110','Swiped','2018-11-06',232,4.2,5),('tt4872260','Ridge Runners','2018-05-15',229,4.8,6),('tt4878482','Dumplin\'','2018-09-24',280,3.2,5),('tt4881806','Jurassic World: Fallen Kingdom','2018-06-12',7,8.2,1),('tt4883336','Runnin\' from My Roots','2019-03-01',787,6.1,7),('tt4908174','Breaking Brooklyn','2019-04-25',728,5.8,7),('tt4912910','Mission: Impossible - Fallout','2018-06-16',223,6.5,1),('tt4933914','Block Island','2019-12-06',774,6.2,1),('tt4959440','Apocalypse Rising','2018-08-07',2,4.5,2),('tt4968782','Rondo','2018-11-29',302,6.6,16),('tt4976192','211','2018-06-14',906,4.4,1),('tt4981292','Unwritten','2018-11-16',318,7.3,9),('tt4985906','Any Bullet Will Do','2019-05-07',689,3.9,17),('tt4991112','They Remain','2018-11-11',552,4.1,16),('tt5013782','Change in the Air','2020-04-03',326,7.4,7),('tt5028340','Mary Poppins Returns','2018-03-30',672,6.3,5),('tt5031388','Cruel Hearts','2018-09-25',578,2.1,16),('tt5031658','Soul to Keep','1905-07-12',874,3.5,10),('tt5034122','Cruise','2018-08-11',341,3.6,7),('tt5037684','The Rainbow Experiment','2018-05-22',444,2.9,7),('tt5040202','Last Seen in Idaho','2018-09-08',538,3,1),('tt5050328','Nereus','2018-08-01',894,4.1,10),('tt5052474','Sicario: Day of the Soldado','2018-12-14',138,3.7,1),('tt5056154','Manos Returns','2018-10-31',215,7.3,5),('tt5056842','Body of Sin','2018-08-17',319,6.6,2),('tt5057140','Hold the Dark','2018-09-21',157,5.2,1),('tt5069110','Viral Beauty','2018-02-08',750,3.8,5),('tt5076150','Doubting Thomas','2019-04-02',901,5.9,7),('tt5078618','Bugs: A Trilogy','2018-09-21',113,5.6,10),('tt5085924','Wildling','2018-06-13',279,5.1,7),('tt5095030','Ant-Man and the Wasp','2018-04-03',293,3.7,1),('tt5095830','Dealer','2018-06-23',81,5.4,1),('tt5113250','Warning Shot','2018-04-03',881,3.6,7),('tt5117670','Peter Rabbit','2018-11-30',452,3.3,2),('tt5139926','Lover','2018-10-19',369,5.4,10),('tt5145662','Monsters at Large','2018-06-29',324,5.8,8),('tt5160614','The Dark Red','2018-10-12',140,5,12),('tt5160938','Lizzie','2019-08-22',588,5.8,4),('tt5164214','Ocean\'s Eight','2018-08-24',478,5.7,1),('tt5164432','Love, Simon','2018-10-06',861,6.2,5),('tt5165620','Another Soul','2018-02-01',373,4.3,10),('tt5176580','Wild Nights with Emily','1905-07-10',398,3.9,5),('tt5179598','Billionaire Boys Club','2018-10-23',316,5.8,4),('tt5181834','The Rocket','2018-10-01',526,4.5,8),('tt5192674','Beach House','2018-11-02',838,5.9,16),('tt5208252','Operation Finale','2018-07-26',859,3.8,4),('tt5208950','Kickboxer: Retaliation','2018-08-21',697,5.7,1),('tt5209346','Fortune Defies Death','2018-01-19',747,4,6),('tt5216022','Rosy','2018-03-23',535,5.4,5),('tt5220122','Hotel Transylvania 3: Summer Vacation','2018-10-19',615,5.3,3),('tt5221360','Broken Ceiling','2018-03-13',404,5.4,7),('tt5223878','Reach','2018-12-14',892,2.9,5),('tt5224356','Dead Sexy','2018-09-30',18,4.2,5),('tt5226192','The Rake','2018-11-21',56,5.7,10),('tt5231992','Intensive Care','2018-11-11',189,3.6,1),('tt5232294','Resolution Song','2019-02-22',167,6,7),('tt5246700','How It Ends','2018-08-14',745,4.6,1),('tt5246902','Blood Brother','2018-12-01',296,4.4,1),('tt5258128','Behold My Heart','2018-03-22',784,6.6,7),('tt5267472','Step Sisters','2018-09-24',303,5.4,5),('tt5273720','All the Creatures Were Stirring','2018-05-08',63,4.8,10),('tt5278886','The Terrible Two','2018-04-19',656,5.5,10),('tt5291792','Furlough','2018-12-07',26,5.9,5),('tt5300736','Crepitus','2018-09-13',72,6.7,10),('tt5304992','Set It Up','2018-09-07',358,5.5,5),('tt5304996','The Standoff at Sparrow Creek','2018-09-17',765,3.3,6),('tt5314450','Burden','2018-12-13',176,6.1,7),('tt5320124','Everything Is Wonderful','2018-04-20',671,5.1,5),('tt5322168','Snapshots','2018-07-30',616,4.8,7),('tt5327410','One Last Thing','2018-11-22',675,5.3,7),('tt5335244','The Other Side','2018-08-10',376,4.8,5),('tt5342090','Friday\'s Child','2018-12-01',555,4.5,6),('tt5361596','The Incantation','2018-08-31',116,5.8,2),('tt5367690','Broken Swords: The Last in Line','2018-04-05',462,7.5,1),('tt5372620','The Bad Man','2018-09-21',579,4.7,7),('tt5396646','The Martyr Maker','2018-03-11',563,6,16),('tt5427194','The Miracle Season','2019-07-18',205,6.8,7),('tt5428666','FP2: Beats of Rage','2018-12-04',248,4.9,1),('tt5431284','Saint Judy','2018-09-07',90,3.7,4),('tt5431946','Dead Squad: Temple of the Undead','2018-03-27',343,3.8,10),('tt5441464','The California No','2019-05-10',34,6.1,5),('tt5453522','The Men','2019-05-17',298,6.9,12),('tt5459382','The Etruscan Smile','2018-03-23',410,4.8,7),('tt5463162','Deadpool 2','2018-06-28',852,5.1,1),('tt5468130','Havana Darkness','2018-08-09',696,3.8,16),('tt5471472','The Brawler','1905-07-10',562,5.2,4),('tt5493944','The Little Mermaid','2018-12-20',804,2.5,2),('tt5503472','Gone Are the Days','2018-06-15',382,5.8,1),('tt5515374','The Everglades Killings','2018-08-29',864,3.7,10),('tt5516404','Hope Springs Eternal','2018-02-07',549,7.2,5),('tt5518358','Apotheosis','2018-11-02',541,4.9,7),('tt5522310','A Lesson in Cruelty','2018-10-26',361,3.4,5),('tt5523010','The Nutcracker and the Four Realms','2019-02-28',560,3.6,2),('tt5536610','Private Life','2018-05-25',39,3.4,5),('tt5539924','With a Kiss I Die','2018-01-01',479,5.2,7),('tt5547910','Fishbowl California','2018-08-01',119,4.4,5),('tt5563782','Followed','2018-07-06',448,5.5,10),('tt5566778','Island Zero','2019-02-07',195,7,10),('tt5566790','A Futile and Stupid Gesture','2020-06-09',52,6.5,4),('tt5580266','The Hate U Give','2018-10-25',792,5.7,6),('tt5580392','Amateur','2018-10-12',823,5.6,7),('tt5589362','One Last Night','2018-09-01',624,3.6,5),('tt5591666','The Domestics','2018-11-02',868,4.9,1),('tt5604902','Deadman Standing','2019-02-08',723,4.2,4),('tt5607096','Juliet, Naked','2018-06-11',839,4.1,5),('tt5608000','Boyne Falls','2018-11-22',551,7.5,16),('tt5610554','Tully','2018-09-09',227,5.8,5),('tt5610950','Enter the Fire','2018-08-03',729,2,1),('tt5613484','Mid90s','2018-05-01',608,5.3,5),('tt5619332','Life of the Party','2018-07-20',886,5.2,5),('tt5630752','Fourplay','2018-08-03',115,7.4,5),('tt5634556','Truth or Double Dare (TODD)','2018-08-21',391,3.4,10),('tt5639446','Jonathan','2020-08-13',210,2.6,7),('tt5639898','Social Animals','2019-01-31',701,8.2,5),('tt5645932','Beautifully Broken','2018-10-26',475,7.4,7),('tt5664222','We Are Boats','2018-09-04',590,3.5,9),('tt5664636','Goosebumps 2: Haunted Halloween','2018-05-17',517,6.2,2),('tt5670152','Traffik','2019-03-05',123,3.4,1),('tt5670364','Saving Flora','2018-03-10',334,3.8,2),('tt5673714','First We Take Brooklyn','2018-01-26',278,5,6),('tt5688868','Primal Rage','2019-05-17',722,5.4,1),('tt5688932','Sorry to Bother You','2018-09-29',441,3.8,5),('tt5688996','Alex Strangelove','2018-06-22',260,5.6,5),('tt5690360','Slender Man','2018-01-20',179,5.8,10),('tt5690992','Marfa Girl 2','2018-03-28',834,7.5,7),('tt5691084','Dirt','2018-06-12',311,5.4,1),('tt5691670','Under the Silver Lake','2018-05-11',96,5.6,6),('tt5696326','Running for Grace','2018-09-27',241,5.7,8),('tt5700182','Starfish','2018-12-18',14,5.1,7),('tt5702446','God Bless the Broken Road','2018-10-03',172,6.6,7),('tt5709188','A-X-L','2018-01-16',233,4,1),('tt5716280','Welcome the Stranger','2018-12-20',94,5.4,7),('tt5718046','An Actor Prepares','2018-10-26',616,5.2,5),('tt5726086','Insidious: The Last Key','2018-04-06',789,6.5,10),('tt5734576','The Possession of Hannah Grace','2018-09-10',536,4.5,10),('tt5737536','Future World','2018-11-06',507,2.9,1),('tt5740852','All Creatures Here Below','2018-11-25',707,6.1,6),('tt5741008','Bully','2019-07-01',626,6,5),('tt5755280','Cynthia','2019-09-01',20,4.4,5),('tt5779372','An Interview with God','2018-05-04',869,3.3,7),('tt5783956','When We First Met','2018-12-08',202,4.9,5),('tt5792468','Butterfly Kisses','2018-01-23',534,3.7,10),('tt5814060','The Nun','2019-09-13',814,5.4,10),('tt5815078','Wunderland','2018-07-17',385,5.6,1),('tt5829032','Camp Cold Brook','2018-10-04',634,5.7,10),('tt5829104','Fright Fest','2018-08-17',114,4.2,10),('tt5834362','What Death Leaves Behind','2018-06-29',801,5,7),('tt5834760','Look Away','2018-09-07',568,6.7,7),('tt5837976','The Price for Silence','2018-10-04',604,6.6,7),('tt5841344','The Competition','2018-07-25',77,7.3,5),('tt5843780','River Runs Red','2018-01-30',184,6.4,1),('tt5848272','Ralph Breaks the Internet','2019-08-09',866,7.2,3),('tt5848986','You Can\'t Say No','2018-11-14',564,5.3,5),('tt5850176','Animator','2018-08-07',431,2.1,2),('tt5855164','Point Man','2018-10-06',92,3.5,1),('tt5866442','How to Pick Your Second Husband First','2018-04-20',162,3.8,5),('tt5867226','Silencer','2018-02-06',151,4.7,1),('tt5874752','No Alternative','2018-04-27',434,5.3,7),('tt5879216','Slapped! The Movie','2018-10-12',659,6.7,5),('tt5881528','Damsel','2018-06-07',32,6.2,5),('tt5884434','Desert Shores','2018-08-03',483,6.6,7),('tt5886388','House of Demons','2018-03-23',53,6.6,7),('tt5891150','Soft Matter','2018-02-23',362,4.6,5),('tt5893906','Diminuendo','2018-09-18',35,1.8,13),('tt5896568','Age of Summer','2019-04-19',44,4.1,5),('tt5903358','The Nursery','2019-07-19',824,5.2,10),('tt5909334','Beyond the Night','2018-08-29',185,7.7,7),('tt5918734','Stadium Anthems','2018-11-02',128,3.9,5),('tt5922358','Narco Valley','2018-06-05',591,5.3,1),('tt5926990','Unlovable','2020-07-30',688,5.1,5),('tt5936492','The Witch in the Window','2019-06-05',240,4.3,7),('tt5936582','Johnny Gruesome','2018-05-04',808,4.2,5),('tt5946668','4/20 Massacre','2020-01-14',718,3.5,1),('tt5949226','Into the Valli','2019-02-01',663,5.6,7),('tt5950092','Valentine DayZ','2018-12-15',880,6.2,10),('tt5952138','We Have Always Lived in the Castle','2018-04-21',594,7.2,7),('tt5960374','Vox Lux','2019-01-08',842,5.2,7),('tt5960386','Wild Faith','2018-12-04',135,5.9,17),('tt5963066','The Cabin','2018-09-28',371,8.2,10),('tt5963314','Frank and Ava','2018-11-27',891,3.7,4),('tt5974780','Lost Fare','2019-10-18',43,3.5,6),('tt5980638','The Transcendents','2018-11-07',47,5.8,11),('tt5985672','The Maestro','2019-07-24',832,3.2,4),('tt5987042','The Devil\'s Well','2018-10-17',619,3.8,10),('tt5989218','Life Itself','2018-10-05',844,7.2,7),('tt5989336','The Manor','2018-08-31',129,5.1,10),('tt6000570','Poor Greg Drowning','2020-03-05',49,4.3,5),('tt6013156','What Still Remains','2018-07-27',715,2.7,7),('tt6014166','This Is Our Christmas','2018-10-28',885,5.2,8),('tt6017942','Kin','2018-03-07',485,4.4,1),('tt6023386','All Light Will End','2018-08-04',882,5.6,10),('tt6043072','Untogether','2018-10-12',717,6.4,7),('tt6043142','Skin','2018-12-20',416,5.9,4),('tt6046314','Bel Canto','2018-11-15',698,6.1,7),('tt6051096','The Axiom','2019-01-18',363,6.2,10),('tt6051424','Hell\'s Kitty','2018-01-01',582,3.7,5),('tt6053472','The Toybox','2019-11-05',741,4.9,10),('tt6061074','First Match','2019-03-28',637,7,7),('tt6063050','Acrimony','2018-12-14',725,5.6,7),('tt6064520','Rich Boy, Rich Girl','2018-05-01',459,6.9,5),('tt6065246','Kinky','2020-08-11',422,4.3,7),('tt6068406','Galaxy Lords','2018-12-06',22,6.7,1),('tt6068554','[Cargo]','2018-05-15',489,4.6,6),('tt6069162','Blue Night','2018-08-25',681,4.1,7),('tt6071092','Imprisoned','2018-03-10',159,6,7),('tt6074834','Delaware Shore','2018-04-24',323,5.6,7),('tt6089358','Haunting on Fraternity Row','2018-12-08',11,5.7,10),('tt6093618','Antiquities','2018-05-01',503,5.8,5),('tt6095486','Rock Steady Row','2018-08-17',251,6.1,7),('tt6096308','Still','2018-03-03',677,3.6,7),('tt6101602','Madeline\'s Madeline','2018-05-01',197,5.4,7),('tt6102104','Ride','2018-02-15',399,1.8,1),('tt6106980','In Reality','2018-04-03',862,6,13),('tt6109874','Cover Versions','2018-10-11',42,5.5,11),('tt6111980','Brothers in Arms','2018-08-30',571,1.6,1),('tt6113122','Hurricane Bianca: From Russia with Hate','2018-12-28',454,3.7,5),('tt6118340','The Basement','2018-09-21',450,6.9,10),('tt6119856','Irreplaceable You','2019-04-19',545,6.3,5),('tt6131450','Asher','2018-04-06',577,5.8,1),('tt6133466','The First Purge','2018-07-10',797,3.3,1),('tt6140148','Bullitt County','2018-08-07',507,3.3,1),('tt6140580','Off the Menu','2019-05-23',409,5.9,5),('tt6141334','The Black String','2018-05-31',458,5.2,10),('tt6142496','6 Balloons','2018-05-26',630,5.9,7),('tt6143782','Hex','2018-08-09',474,5.6,10),('tt6146590','F.R.E.D.I.','2018-03-17',871,3.8,2),('tt6149464','30 Nights','2018-02-09',583,7.2,5),('tt6150962','Song of Back and Neck','2018-11-29',419,1.8,5),('tt6151048','Between the Trees','2018-07-05',833,6.4,16),('tt6156656','Astro','2019-05-06',154,6.7,1),('tt6159268','The Nanny','2018-10-19',783,3.9,9),('tt6162762','Virginia Minnesota','2019-06-25',721,6.2,5),('tt6163142','Grace','2019-09-13',904,5.1,5),('tt6164854','Eruption: LA','2018-07-22',740,2.3,1),('tt6165936','Savage Youth','1905-07-10',312,5,6),('tt6169934','Stirring','2018-09-14',275,4.4,10),('tt6170202','Couples\' Night','2018-09-28',177,3.7,13),('tt6170506','Beast of Burden','2018-04-27',186,4.2,1),('tt6170804','The Assassin\'s Code','2018-01-01',586,1.9,1),('tt6172666','Avengers of Justice: Farce Wars','2018-10-26',684,7,1),('tt6182078','St. Agatha','2018-08-17',425,5.1,10),('tt6182908','Smallfoot','2018-11-17',610,2.3,3),('tt6183104','Canal Street','2018-12-07',30,5.4,7),('tt6185266','Something','2018-10-09',831,2.8,7),('tt6185692','Brampton\'s Own','2018-11-02',171,5.4,7),('tt6185998','The Executioners','2020-06-19',267,9.2,10),('tt6186940','Hot Air','2018-11-27',516,4,7),('tt6197494','Malicious','2018-12-20',253,6.7,10),('tt6205872','Assassination Nation','2018-03-03',332,3.3,1),('tt6206364','Hunting Lands','2018-10-12',414,3,6),('tt6208950','The Samuel Project','2018-09-25',481,4.6,7),('tt6211976','A Vigilante','2018-04-27',50,7.3,6),('tt6212378','Surviving the Wild','2020-03-27',105,6.2,1),('tt6215446','Ghost Light','2018-08-10',793,5.8,5),('tt6220752','Pledge','2018-12-14',656,5.7,10),('tt6222286','Perfect','2019-05-10',430,4.6,10),('tt6224502','Boarding School','2020-03-06',218,5,10),('tt6226212','Sand Angels','2018-08-10',402,4,8),('tt6231398','Halt: The Motion Picture','2019-06-14',288,3.1,6),('tt6231784','Cherokee Creek','2018-01-15',335,2.8,5),('tt6236662','Parallel Chords','2018-07-27',287,4.1,7),('tt6236780','Rottentail','2019-06-18',467,5.1,5),('tt6237268','Ride','2019-02-26',527,5,1),('tt6237314','To The Beat!','2018-05-25',33,5.2,5),('tt6241270','Cinderella and the Secret Prince','2019-01-10',641,5.3,3),('tt6241390','The Boxcar Children: Surprise Island','2018-11-13',693,7.6,3),('tt6241678','Locating Silver Lake','2018-08-28',234,3,7),('tt6250792','The Ghost Beyond','2018-11-29',344,7.5,7),('tt6251024','Office Uprising','2018-09-14',576,3.3,1),('tt6251390','Under the Eiffel Tower','2018-07-28',257,5.5,5),('tt6257174','The Miseducation of Cameron Post','2019-07-26',351,7,7),('tt6266538','Vice','2018-10-15',902,5.9,4),('tt6268734','Holly Star','2018-06-01',98,5.6,5),('tt6268882','Family','2018-12-07',65,6.6,5),('tt6269368','The Clovehitch Killer','1905-07-10',131,6,6),('tt6269434','In This Gray Place','2018-03-22',899,6.6,7),('tt6271806','Daddy Issues','2018-08-03',84,6,7),('tt6285672','Breaking & Exiting','2018-05-22',264,5.7,5),('tt6290798','UFO','1905-07-10',782,7.9,7),('tt6317236','Empathy, Inc.','2018-08-17',736,5.5,7),('tt6324892','Taco Shop','2018-10-31',347,5.5,5),('tt6328004','Secret Santa','2018-04-25',70,8.4,1),('tt6328242','A Simple Wedding','2018-09-28',751,5.3,5),('tt6341668','Icebox','2020-08-17',370,4.9,7),('tt6342062','Anne','2018-12-04',457,2.9,10),('tt6342110','Spivak','2018-03-30',400,5.7,5),('tt6343314','Creed II','2018-11-13',740,2.1,7),('tt6354056','Code Name: Dynastud','2020-02-14',779,5.3,1),('tt6368508','29 to Life','2018-03-02',149,4.6,5),('tt6371588','The Song of Sway Lake','2019-05-07',847,5.1,7),('tt6384998','Edge of Isolation','2018-02-16',585,5.5,7),('tt6388074','Viper Club','2018-01-19',163,5.4,7),('tt6398496','Spell','2018-06-01',742,5.9,5),('tt6409762','Big Legend','2018-06-01',805,5.4,1),('tt6411590','1985','2018-07-18',38,3,7),('tt6411954','Anonymous 616','2018-02-10',648,4.1,10),('tt6412452','The Ballad of Buster Scruggs','1905-07-10',98,4.4,5),('tt6418778','Fast Color','2018-02-01',413,5.7,7),('tt6418918','Little Woods','1905-07-10',286,5,6),('tt6421110','Proud Mary','2018-09-21',772,5.9,1),('tt6423886','Happy Anniversary','2019-06-21',6,6,5),('tt6423998','Killer Unicorn','2018-03-05',9,4.8,10),('tt6424188','Betsy','2018-01-25',411,6.3,10),('tt6433106','Unlawful Justice','2018-05-01',528,6.4,6),('tt6443294','Blaze','2018-11-16',225,5.9,4),('tt6446550','The Parting Glass','2018-09-06',841,3.2,7),('tt6450186','I Can Only Imagine','2018-10-19',276,5.5,4),('tt6450428','The Hurt','1905-07-10',439,4.6,16),('tt6450662','End Trip','2018-10-31',299,6,10),('tt6456222','Nostalgia','2018-04-13',878,5,7),('tt6465940','Threesomething','2019-03-12',908,5,5),('tt6466058','Ask for Jane','2018-12-20',739,6.7,7),('tt6469548','The Head Hunter','2018-02-16',156,6.2,9),('tt6473622','Pledges','2018-10-06',380,7.4,5),('tt6485928','The Land of Steady Habits','2018-10-19',27,3.7,5),('tt6495094','Little Women','2018-02-17',856,7.2,7),('tt6495388','Like Arrows','1905-07-10',646,3.4,7),('tt6495770','Action Point','2018-09-18',274,4.6,5),('tt6498220','Another Plan from Outer Space','2019-09-23',673,6.1,7),('tt6499694','Rideshare','2018-10-11',798,5.3,10),('tt6499752','Upgrade','2018-09-21',331,5.7,1),('tt6504538','Danger One','2018-03-29',88,4.2,1),('tt6504868','Sadie','2018-02-24',301,7.9,7),('tt6509058','Nancy','2018-02-06',74,4.9,7),('tt6512428','Indivisible','2018-08-03',887,5.1,7),('tt6516314','Piercing','2018-08-22',271,4.1,10),('tt6521776','Open 24 Hours','2019-01-18',449,5.3,10),('tt6529772','Never Heard','1905-07-10',498,4.4,7),('tt6535838','Woodstock or Bust','2018-01-05',680,5.7,7),('tt6536668','Summer of \'67','2018-11-27',470,3.2,7),('tt6539470','The Barn','2018-11-08',263,7.2,6),('tt6540984','#SquadGoals','2019-04-19',650,6.1,7),('tt6547044','You Can Choose Your Family','2018-01-19',679,7.6,5),('tt6556576','Monster Party','2018-05-29',740,4.3,5),('tt6557356','American Pets','2018-02-23',343,4,16),('tt6557704','Ultra Low','2019-11-23',3,5.3,7),('tt6566830','Most Likely to Murder','2020-06-19',73,4.3,5),('tt6570372','Gags The Clown','2018-05-19',169,3.6,5),('tt6588064','Strategy and Pursuit','2018-06-15',190,6.5,7),('tt6598072','The Ranger','2018-12-28',616,3.9,10),('tt6610158','Rust Creek','2018-06-30',625,4.4,6),('tt6613952','Encounter','2018-05-02',510,5.1,7),('tt6619250','Beloved Beast','2018-02-04',502,5.5,10),('tt6621408','Wally Got Wasted','2018-10-26',246,5.8,5),('tt6628386','Penny Palabras','2019-05-03',239,5,9),('tt6628394','Bad Times at the El Royale','2018-11-16',110,5.9,6),('tt6641528','Jinn','2019-03-15',226,5.4,7),('tt6644200','A Quiet Place','2018-12-05',828,5.9,7),('tt6644632','Making Babies','1905-07-10',265,4.7,5),('tt6645236','Blue','2018-03-08',299,6.4,5),('tt6649792','Ahockalypse','2020-10-05',500,4.4,5),('tt6652708','God\'s Not Dead: A Light in Darkness','2018-11-20',789,6.1,7),('tt6662736','What They Had','2018-07-12',412,6,7),('tt6675400','Con Man','2018-08-20',389,2.3,6),('tt6688022','After Everything','2019-08-06',212,3.7,5),('tt6692926','Chasing Bullitt','2018-10-23',771,4.6,7),('tt6701492','Baja','2018-05-01',365,3.1,5),('tt6702308','The Riot Act','2019-01-01',687,6.8,16),('tt6705860','Diane','2018-11-08',565,5.6,7),('tt6710826','The Jurassic Games','2020-05-21',495,5.3,1),('tt6729000','Tyrel','2019-01-24',93,7.1,5),('tt6740154','Find Me','2018-04-15',845,4.2,7),('tt6744044','Candy Jar','2019-05-10',888,6,5),('tt6748030','Lake Michigan Monster','2018-11-30',463,4.4,2),('tt6753132','Chained for Life','2018-10-11',762,4.2,7),('tt6767852','Tortured for Christ','2018-02-17',25,6.8,4),('tt6769280','Time Freak','2018-09-27',784,5.8,5),('tt6769326','American Dreamer','2018-11-16',666,5.5,6),('tt6772946','The Campus','2018-12-07',654,5.6,9),('tt6772950','Truth or Dare','2018-09-21',46,3.1,10),('tt6781982','Night School','2018-01-19',107,6.7,5),('tt6788904','Tijuana Jackson: Purpose Over Prison','2018-04-28',494,5.9,5),('tt6796028','Will & Liz','2018-08-24',48,6.4,7),('tt6802308','The 15:17 to Paris','2018-11-14',360,5.9,4),('tt6802950','Terrortory 2','2018-12-04',283,4.6,10),('tt6807324','Doe','2019-01-03',15,7.2,16),('tt6821012','The Week Of','2018-07-13',254,5,5),('tt6841812','Bennett\'s Song','2018-10-21',282,3.3,5),('tt6842126','Don\'t Leave Home','2018-12-06',647,5.6,10),('tt6850766','Electric Love','2018-12-04',36,4.8,5),('tt6851966','Nigerian Prince','2019-11-19',544,6,7),('tt6852872','Elizabeth Harvest','2019-04-05',482,5.3,10),('tt6853580','Alien Domicile 2: Lot 24','2019-05-16',822,5.9,16),('tt6853910','Devil\'s Acid','2019-01-24',855,4.2,10),('tt6857040','The Appearance','2017-06-21',78,6,10),('tt6857166','Book Club','2018-12-21',724,9.1,5),('tt6859352','Support the Girls','2018-06-15',133,6.9,5),('tt6862864','Another Tango','2018-09-07',196,5.1,7),('tt6865690','The Professor','2019-08-23',328,5,5),('tt6876788','Clyde Cooper','2018-03-13',442,4.7,12),('tt6878382','Perception','2018-06-12',627,4.6,16),('tt6884200','A Kid Like Jake','2018-11-02',83,5.9,7),('tt6884380','A Bread Factory, Part One','2018-08-15',473,6.9,5),('tt6887540','A Bread Factory, Part Two','2019-01-24',827,7.1,5),('tt6902722','Happiness Adjacent','2018-05-05',95,3,7),('tt6905402','A Boy. A Girl. A Dream.','2018-02-02',137,5.3,7),('tt6905442','Hollow Body','2018-09-18',705,3.7,10),('tt6910380','My Name Is Myeisha','2018-09-14',525,4.3,7),('tt6922804','Lilith','2018-06-05',181,5.1,10),('tt6923386','I\'ll Be Watching','2018-05-19',519,3,7),('tt6923740','Stella\'s Last Weekend','2019-02-05',349,3.8,5),('tt6923858','Burning Shadow','2018-03-12',220,5.2,7),('tt6924682','Softness of Bodies','2018-10-25',247,6.6,5),('tt6927880','All Square','2018-12-14',595,5,7),('tt6933206','Prodigy','2018-08-17',744,5,7),('tt6933454','Puzzle','2018-05-25',658,4.7,7),('tt6942194','The Night Sitter','2018-04-03',111,5.2,5),('tt6945500','Impact Event','2018-10-03',649,5.9,14),('tt6952960','The Kindergarten Teacher','2018-09-04',855,3.9,7),('tt6953526','Warrior Pride','2018-09-22',394,4.2,7),('tt6953974','Sex Weather','2018-03-16',584,5.2,5),('tt6958014','Duck Butter','2018-11-14',628,5,5),('tt6958520','The Outer Wild','2018-12-20',702,6.7,1),('tt6964844','Hospitality','2019-08-15',476,5.8,6),('tt6966044','Segfault','2018-10-01',763,4.8,1),('tt6966692','Green Book','2019-12-10',8,6.6,4),('tt6974888','On Pointe','2018-11-09',898,4.6,7),('tt6981634','Wanderland','2018-06-02',453,4.8,2),('tt6984258','The Amityville Murders','2018-03-06',222,4.5,10),('tt6986606','Joel','2018-11-06',486,2.5,6),('tt6987760','Snake Outta Compton','2018-07-10',144,7.1,5),('tt6987770','Destination Wedding','2018-09-27',505,5.2,5),('tt6992230','Cold Brook','2019-12-12',178,6.2,7),('tt7004152','Pet Names','2018-07-17',438,4.7,7),('tt7007846','Shangri-La: Near Extinction','2018-12-05',794,5.3,14),('tt7009250','The Wrong Son','2018-10-23',320,5.5,16),('tt7014006','Eighth Grade','2018-06-12',900,4.6,5),('tt7014234','The Iron Orchard','2018-09-07',368,5.8,7),('tt7014430','Betrayed','2018-01-26',259,6.8,1),('tt7021508','Honey: Rise Up and Dance','2018-04-20',810,5.6,7),('tt7039000','Mr. Malevolent','2018-01-01',775,6.5,5),('tt7044076','The Cleaning Lady','2018-10-31',106,2.9,10),('tt7049542','The Pages','2018-12-04',221,4.2,7),('tt7052108','Flesh Blanket','2018-04-20',418,3.3,5),('tt7068878','Urban Country','2018-07-28',62,5.1,5),('tt7084614','Nowhere Mind','2018-03-20',506,4.7,16),('tt7087210','Donnybrook','2018-12-05',746,5.4,7),('tt7088028','Stretch Marks','2020-03-17',890,5.3,7),('tt7091300','Bad Apples','1905-07-10',359,3,10),('tt7108862','M.I.A. A Greater Evil','2019-01-01',712,7.1,7),('tt7115980','When Jeff Tried to Save the World','2018-01-18',16,5.7,5),('tt7117594','To Dust','2018-06-09',447,5.6,5),('tt7125498','Elephants','2018-02-20',140,6.1,7),('tt7125860','If Beale Street Could Talk','2019-05-17',294,4,7),('tt7126776','Stillwater','2018-07-20',58,2.8,12),('tt7134690','I Like Me','2018-10-02',85,3,5),('tt7137380','Destroyer','2018-08-17',895,3.7,1),('tt7137846','Breaking In','2018-04-03',242,3,1),('tt7149336','The Unicorn','2018-06-29',593,3.7,5),('tt7149916','Edge of Fear','1905-07-10',207,4.4,1),('tt7153134','1st Born','2018-08-01',508,3.5,5),('tt7153766','Unsane','2019-01-04',607,4.4,7),('tt7158430','Hearts Beat Loud','2018-06-01',711,6.2,5),('tt7164084','Unintended','2018-06-19',606,4.3,7),('tt7165212','The Work Wife','2018-11-09',426,5,6),('tt7167630','Batman: Gotham by Gaslight','2018-04-18',826,6,3),('tt7169100','Night Zero','2018-12-28',713,3.4,10),('tt7170950','Like Father','2018-04-13',24,5.7,5),('tt7177250','Cowboy & Indiana','2018-03-13',29,6,7),('tt7178102','The Perception','2018-07-01',396,3.8,12),('tt7184124','Night Comes On','2019-09-23',32,4.7,7),('tt7191910','Mountain Rest','2018-02-06',539,4.5,7),('tt7197298','Twin Betrayal','2019-01-29',141,3.6,16),('tt7208564','Blood Fest','2018-10-02',729,4.8,5),('tt7214028','Freelancers Anonymous','2020-08-06',97,5.3,5),('tt7217362','Say Yes','2018-01-22',614,5.3,7),('tt7218564','Pistachio','2018-08-31',676,5.3,2),('tt7221072','Wretch','2018-05-04',338,4.6,10),('tt7227412','Rich Kids','2018-12-11',644,4.9,7),('tt7231572','Not Cinderella\'s Type','2018-05-11',21,1.1,13),('tt7233828','The System','2019-03-01',821,4.1,7),('tt7235038','Boo!','1905-07-10',632,6.6,7),('tt7237666','The Honor List','2018-09-04',245,4.1,7),('tt7239700','A Friend\'s Obsession','2019-02-08',76,5.2,16),('tt7241800','Bitter Melon','2018-05-15',252,7.7,5),('tt7242142','Blindspotting','2019-09-13',875,6.2,5),('tt7246786','Ramekin','2018-06-26',13,4.6,5),('tt7248518','Better Off Zed','2018-12-11',651,4.9,5),('tt7256866','Father of the Year','2018-03-02',19,4.6,5),('tt7281994','Cool Cat Kids Superhero','2018-10-11',125,7.7,1),('tt7282278','Long Lost','2018-11-20',753,4,7),('tt7284202','Hell Is Where the Home Is','2018-03-15',876,6.4,10),('tt7284204','Summer \'03','2018-02-20',829,3.9,5),('tt7293920','The Fare','2018-12-14',518,2.7,12),('tt7297336','Nothing Really Happens','2018-03-30',262,4.6,5),('tt7304194','Notes on an Appearance','2018-01-19',366,3.9,7),('tt7304196','Wake.','2018-09-19',122,7.6,5),('tt7304212','The Browsing Effect','2018-10-06',173,5,5),('tt7304806','Dis','2018-12-04',720,3.1,10),('tt7308310','Fronteras','2018-10-31',75,4.6,7),('tt7314118','BROS. On The Rocks','2018-04-05',175,7,5),('tt7315526','Devil\'s Tree: Rooted Evil','2018-07-05',342,5.2,10),('tt7316358','Maine','2018-10-19',550,5.6,7),('tt7316576','30 Miles from Nowhere','1905-07-10',268,3,5),('tt7317324','Egg','2019-02-15',854,5.3,5),('tt7319064','Killer Kate!','2018-07-06',746,4.3,5),('tt7334528','Uncle Drew','2018-12-08',89,2.7,5),('tt7335892','Dying for the Crown','2018-10-26',589,5.5,16),('tt7338690','The Scorpion King: Book of Souls','2018-10-02',357,5.3,1),('tt7339792','Unbroken: Path to Redemption','2018-10-26',732,3.4,4),('tt7349662','BlacKkKlansman','2019-11-19',851,5.4,4),('tt7349910','Nightmare Cinema','2018-03-09',587,6.3,10),('tt7350614','Head Count','2019-02-08',743,5.7,10),('tt7355708','Wobble Palace','2018-08-01',754,5.1,5),('tt7356166','Miss Arizona','2018-10-19',127,2.6,5),('tt7358686','The Curse of Lilith Ratchet','2021-04-02',112,2.3,10),('tt7365604','Dog Days','2018-09-13',522,6.2,5),('tt7365740','Tales of Frankenstein','2018-09-20',817,5.5,5),('tt7374952','El Chicano','2018-09-27',893,2.7,1),('tt7375304','Ouija House','2020-05-31',820,5.5,10),('tt7375578','The Escape of Prisoner 614','2018-10-26',540,4.4,1),('tt7381444','In the Cloud','2019-04-29',553,4.5,16),('tt7385812','Closure','2018-02-27',164,4.6,5),('tt7385832','Removed','2018-08-14',491,4.7,16),('tt7385836','Sunset Society','2018-01-23',731,4.7,10),('tt7388562','Paul, Apostle of Christ','2018-08-03',559,5,2),('tt7401588','Instant Family','2018-11-22',645,5.4,5),('tt7407296','Captain Hagen\'s Bed & Breakfast','2019-06-06',515,6.2,5),('tt7422552','Funny Story','2019-02-05',4,5.3,5),('tt7424200','Teen Titans Go! To the Movies','2018-05-02',284,6.8,3),('tt7430654','The Wrong Daughter','2018-05-01',66,6,16),('tt7440524','Bottle Girl','2019-05-21',213,3,16),('tt7445552','Armenian Haunting','2018-04-13',556,3.3,7),('tt7461200','The Oath','2018-02-16',216,2.6,5),('tt7475832','Fall City','2018-08-08',704,4,7),('tt7476438','14 Cameras','2018-10-12',161,6.2,6),('tt7487314','A Dark Place','2019-03-29',315,5.1,7),('tt7491968','51 Nevada','2018-09-18',618,3.8,7),('tt7520980','Worth','2018-06-29',163,5.7,15),('tt7525778','The Package','2018-06-29',292,1.6,5),('tt7542576','All About Nina','2018-01-19',818,6.1,5),('tt7543072','Love Shot','2018-08-11',199,2.9,5),('tt7543918','August at Akiko\'s','2018-02-01',897,6.2,7),('tt7545524','Ben Is Back','2018-07-03',187,3.4,7),('tt7545566','Skate Kitchen','2019-04-04',581,5.7,7),('tt7553766','Trauma Is a Time Machine','2018-05-11',68,5.5,7),('tt7558166','Trickster','1905-07-10',174,3.5,10),('tt7558548','Route 80','2018-05-03',423,5.8,7),('tt7562932','Clara\'s Ghost','2019-03-05',597,4.8,5),('tt7569660','Don\'t Be a Dick About It','2019-12-20',100,6.9,5),('tt7578566','Scooby-Doo & Batman: The Brave and the Bold','2018-06-16',465,6.4,3),('tt7600294','Schoolhouse','2018-11-16',635,6,10),('tt7605084','A Reckoning','2019-06-21',638,6,17),('tt7615722','Legend of Hallowaiian','2018-05-25',685,5.2,3),('tt7620746','A Night to Regret','2019-05-02',256,6.5,16),('tt7625712','Pocketman and Cargoboy','2018-01-01',889,6.2,2),('tt7642326','Honor Up','2018-10-26',872,2.7,1),('tt7656570','Legal Action','2018-05-25',686,2.1,1),('tt7668724','The Marine 6: Close Quarters','2018-06-15',121,6.4,1),('tt7671414','Thriller','2019-02-14',219,6.8,6),('tt7681824','We the Animals','1905-07-10',348,5.7,7),('tt7688638','Good Girls Get High','2018-11-19',381,1.9,5),('tt7689906','Monsters and Men','2018-10-02',613,2.2,6),('tt7689950','White Rabbit','2019-03-21',785,7.3,5),('tt7690016','Never Goin\' Back','2018-02-13',572,5.5,5),('tt7690670','Superfly','2018-04-13',873,4.5,1),('tt7694738','Best F(r)iends: Volume 2','2018-09-25',211,5.1,5),('tt7704392','Eve of Abduction','2018-10-19',258,6.3,16),('tt7708146','My Husband\'s Secret Wife','2018-07-28',170,4.7,16),('tt7709804','A Child\'s Voice','2018-09-14',204,5.8,7),('tt7712746','Alpha Wolf','2019-01-18',520,4.8,10),('tt7722156','Silent Panic','2018-02-09',79,6.4,16),('tt7738450','Thunder Road','2019-11-07',51,7.3,5),('tt7755856','Banana Split','2018-01-02',760,4.5,5),('tt7764650','The Thinning: New World Order','2019-10-04',877,4.4,1),('tt7768846','Pass Over','2020-04-07',569,3.2,7),('tt7772580','The Perfection','2018-10-23',353,2.8,7),('tt7776050','Saving My Baby','2018-08-14',639,3.8,7),('tt7784604','Hereditary','2019-08-23',160,4.9,7),('tt7784788','Orphan Horse','2018-01-19',879,4.7,7),('tt7819394','Epidemic','2019-03-08',529,3.1,10),('tt7819860','Odds Are','2018-08-10',379,5.5,10),('tt7826276','Profile','2018-04-20',266,6,12),('tt7830428','Trico Tri Happy Halloween','2018-02-08',195,5.2,8),('tt7886442','Death Kiss','2019-08-15',310,4.6,1),('tt7895904','Family Blood','2020-01-03',764,3.8,10),('tt7900528','Let\'s Not Meet','2018-09-20',200,5.3,10),('tt7912678','The Great Pretender','2018-10-18',813,7.1,7),('tt7913934','The Matchmaker\'s Playbook','2018-12-09',417,5.5,5),('tt7917484','Write When You Get Work','2018-12-12',384,3.2,5),('tt7919372','First Lady','2018-10-12',461,5.9,1),('tt7930006','La maison des secrets','2018-10-22',460,7.5,12),('tt7942742','Her Smell','2018-05-23',236,3.9,7),('tt7945822','Dangerous Matrimony','2020-08-28',661,5.9,6),('tt7948854','The Nothing','2018-04-27',752,5.1,10),('tt7949046','Paradox','2018-06-27',533,4.7,9),('tt7950334','The Mountain','2018-10-09',29,6.1,7),('tt7952840','The Pastor and the Pro','2018-12-07',389,1.8,5),('tt7952920','Relaxer','2020-08-06',603,6.2,5),('tt7959026','The Mule','2018-05-15',305,4.9,6),('tt7959500','The Farm','2018-10-02',815,2.5,10),('tt7963218','Atlantic Rim: Resurrection','2018-09-14',719,4.7,1),('tt7973916','Enter The Wild','2018-07-27',155,7.4,2),('tt7975674','Reborn','2019-05-24',734,6.1,10),('tt7983348','Lake Fear 3','2018-11-01',134,4.2,5),('tt8009578','Texas Cotton','2018-01-05',788,4.9,6),('tt8018008','BROS. Last Call','2018-01-19',468,3.2,5),('tt8021048','Survive The Hollow Shoals','2018-09-28',566,7.3,10),('tt8025310','The Odds','2019-04-05',308,5.5,10),('tt8041916','Time Jumpers','2018-09-14',358,5.8,14),('tt8041922','Watch If You Dare','2018-02-16',769,2.8,5),('tt8046636','The Surrogate','2018-04-13',330,5.5,16),('tt8050266','Lego DC Super Hero Girls: Super-Villain High','2018-07-26',390,5.4,3),('tt8064262','Paws P.I.','2018-05-23',54,7.1,1),('tt8073604','Evil Bong 777','2018-09-28',321,6,1),('tt8084572','Intensive Care','2018-04-20',490,5.4,16),('tt8097306','Nobody\'s Fool','2019-11-15',428,7.1,5),('tt8111130','The Weekend','2018-06-19',776,4.5,5),('tt8113950','Last American Horror Show','2020-02-04',194,3.2,10),('tt8142044','1st Summoning','2018-09-07',504,6.3,10),('tt8145968','Her Boyfriend\'s Secret','2018-03-02',228,5.4,16),('tt8165246','My Daughter Vanished','2020-05-11',383,6,16),('tt8177638','The Good Exorcist','2018-09-08',403,4.1,5),('tt8178992','Amazon Hot Box','2019-03-05',153,4.3,1),('tt8179218','Alex & Me','2018-05-01',446,4,8),('tt8183570','Baby Obsession','2019-09-10',165,6.3,16),('tt8187918','Devil\'s Path','2018-05-25',217,5.3,7),('tt8196068','Twisted Pair','2019-02-08',235,5.1,7),('tt8210516','Hover','2018-04-08',642,5.4,14),('tt8233184','Livescream','2018-10-31',542,5.5,10),('tt8235296','The Trump Prophecy','2018-08-04',158,5.7,7),('tt8235966','Alien Siege','2019-02-18',41,3.4,1),('tt8236566','The Dip Run','2018-10-23',636,3.8,5),('tt8236588','Echoes of Fear','2019-03-14',340,7.4,10),('tt8237340','Krampus Origins','2018-10-18',733,4,7),('tt8239736','Flight 666','2018-09-14',664,6.2,10),('tt8257624','Downward Twin','2018-10-18',143,5.4,10),('tt8257900','Tejano','2018-01-19',237,5.7,16),('tt8288836','Red Forrest','2019-01-31',277,5.2,10),('tt8305690','Alien Expedition','2018-06-21',421,5.2,14),('tt8305692','Santa Jaws','1905-07-10',401,2.3,1),('tt8318702','D-Railed','2019-03-29',780,5.7,1),('tt8324462','Cucuy: The Boogeyman','2018-04-27',907,4.5,10),('tt8328612','Seder-Masochism','2018-02-23',12,7.5,3),('tt8332808','One Must Fall','2018-05-25',807,5.3,5),('tt8343642','Janelle Monáe: Dirty Computer','2020-07-24',757,5.7,11),('tt8354006','Christmas Camp','2018-01-21',350,5.5,7),('tt8358682','Alone We Fight','2019-02-22',727,3.3,1),('tt8362964','Brokedown','2018-08-16',511,4.2,10),('tt8363908','Horndogs Beach Party','2018-10-01',716,3.5,5),('tt8417466','We Belong Together','2018-10-01',830,3.3,16),('tt8420952','Running Out Of Time','2018-12-07',523,5.7,16),('tt8421518','Frontera','2018-12-18',233,5,6),('tt8426594','The Wind','2019-02-01',703,7,10),('tt8459444','Hello Neighbor','2018-07-19',738,6,7),('tt8484038','Somnium','2019-03-07',903,6.4,16),('tt8493776','2 in the Bush: A Love Story','2018-04-13',496,6,5),('tt8498198','Trolled','2018-10-26',255,4.8,3),('tt8515802','Treacherous','1905-07-10',297,5.1,16),('tt8548792','The Dawnseeker','2020-10-06',652,7.7,14),('tt8554826','Cheat the Hangman','2018-08-19',843,4.9,7),('tt8555260','Killer in a Red Dress','2019-08-01',436,4.2,16),('tt8581198','Jane and Emma','2018-11-09',180,7.7,7),('tt8593930','Elves','2018-05-11',300,5.3,10),('tt8595574','The Wrong Friend','2018-08-28',759,4.1,16),('tt8633296','Alien Predator','2018-07-11',662,6.6,1),('tt8634348','Amityville: Mt. Misery Rd.','2019-04-09',620,4.2,10),('tt8638524','President Evil','2019-05-24',619,5,5),('tt8657468','Stargate Origins: Catherine','2019-10-22',333,6.3,2),('tt8660842','Family Vanished','2018-11-01',166,4,1),('tt8669354','Throwback Holiday','2018-08-15',592,4.7,5),('tt8671462','Invoking 5','2019-07-26',735,5.5,10),('tt8675532','The Fear Footage','2018-01-27',709,5.2,10),('tt8679574','Huckleberry','2019-06-01',231,7.4,7),('tt8686074','Grandmother\'s Gold','2019-10-01',692,3.8,5),('tt8688048','Cinderella: The Enchanted Beginning','2018-10-19',285,6.3,8),('tt8703882','The Wrong Todd','2018-10-21',756,6.6,5),('tt8707374','Hell House LLC II: The Abaddon Hotel','2019-06-04',513,4,10),('tt8709036','A Christmas Prince: The Royal Wedding','2018-04-28',309,5.5,7),('tt8709452','Instakiller','2019-01-15',17,4.5,16),('tt8760550','Nazi Overlord','2019-01-01',395,6.9,1),('tt8783146','Jurassic Galaxy','2018-08-31',825,5.2,1),('tt8784388','The Perfect One','2018-10-04',514,6.6,7),('tt8806104','The Dead Center','2018-06-01',570,6.8,10),('tt8833552','Blood Clots','2018-05-25',393,4.1,10),('tt8844888','Exposure','2019-02-22',883,5.6,10),('tt8861786','Puppy Star Christmas','2018-09-06',5,6.8,8),('tt8879666','Her Only Choice','2018-11-08',501,6.6,7),('tt8879926','A Raunchy Christmas Story','2018-11-10',691,5,5),('tt8883524','Bloodline','2019-06-06',440,6.6,6),('tt8890230','Live','2018-01-12',91,4.9,7),('tt8900984','Dark, Deadly & Dreadful','2019-11-01',669,6.8,10),('tt8923800','The Bachelor Party','2018-03-27',653,3.5,5),('tt8928500','Ashes','2018-07-28',560,4.9,5),('tt8947488','The Blackwell Ghost 2','2018-10-13',372,4.6,10),('tt8954732','The Princess Switch','2018-12-07',655,4.7,5),('tt8976608','Rootwood','2019-07-26',870,4.1,10),('tt8998472','You Might Be the Killer','2018-02-16',816,6.4,5),('tt9021374','The Dragon Unleashed','2019-06-13',325,7.3,1),('tt9034308','Patient 001','2018-11-09',598,4.9,10),('tt9038976','Battle Bots','2018-12-16',249,3.8,1),('tt9058902','Jingle Belle','2018-08-14',64,5.3,7),('tt9109306','The Final Wish','2019-02-01',749,5.1,10),('tt9143166','Blood Falls','2018-10-17',665,3.2,10),('tt9149982','Killer Under the Bed','2018-12-03',397,6.8,16),('tt9248032','Buttons','2018-11-06',295,3.4,7),('tt9274824','A Snow White Christmas','2019-07-12',707,4.6,5),('tt9278074','The Crescent Moon Clown','2018-03-15',846,6.6,5),('tt9301884','Hornet','2018-12-13',377,2.9,1),('tt9334162','Shrek Retold','2018-07-20',238,4.3,3),('tt9341628','End of the World','2018-09-11',399,1.7,1),('tt9369332','Halloween Horror Tales','2018-11-16',354,6.1,10),('tt9459550','American Kamasutra','2018-10-19',629,5,7),('tt9509866','The Guy Who Didn\'t Like Musicals','2018-05-11',596,4.8,5),('tt9855990','Nightmare Tenant','2019-05-16',432,6.9,16);
/*!40000 ALTER TABLE `films` ENABLE KEYS */;
UNLOCK TABLES;

--
-- Table structure for table `genre`
--

DROP TABLE IF EXISTS `genre`;
/*!40101 SET @saved_cs_client     = @@character_set_client */;
/*!50503 SET character_set_client = utf8mb4 */;
CREATE TABLE `genre` (
  `genre_id` int NOT NULL,
  `genre` varchar(45) NOT NULL,
  PRIMARY KEY (`genre_id`)
) ENGINE=InnoDB DEFAULT CHARSET=utf8;
/*!40101 SET character_set_client = @saved_cs_client */;

--
-- Dumping data for table `genre`
--

LOCK TABLES `genre` WRITE;
/*!40000 ALTER TABLE `genre` DISABLE KEYS */;
INSERT INTO `genre` VALUES (1,'Action'),(2,'Adventure'),(3,'Animation'),(4,'Biography'),(5,'Comedy'),(6,'Crime'),(7,'Drama'),(8,'Family'),(9,'Fantasy'),(10,'Horror'),(11,'Music'),(12,'Mystery'),(13,'Romance'),(14,'Sci-Fi'),(15,'Sport'),(16,'Thriller'),(17,'Western');
/*!40000 ALTER TABLE `genre` ENABLE KEYS */;
UNLOCK TABLES;
/*!40103 SET TIME_ZONE=@OLD_TIME_ZONE */;

/*!40101 SET SQL_MODE=@OLD_SQL_MODE */;
/*!40014 SET FOREIGN_KEY_CHECKS=@OLD_FOREIGN_KEY_CHECKS */;
/*!40014 SET UNIQUE_CHECKS=@OLD_UNIQUE_CHECKS */;
/*!40101 SET CHARACTER_SET_CLIENT=@OLD_CHARACTER_SET_CLIENT */;
/*!40101 SET CHARACTER_SET_RESULTS=@OLD_CHARACTER_SET_RESULTS */;
/*!40101 SET COLLATION_CONNECTION=@OLD_COLLATION_CONNECTION */;
/*!40111 SET SQL_NOTES=@OLD_SQL_NOTES */;

-- Dump completed on 2020-12-11 11:40:26
